,Unnamed: 0,Diversity,Density
0,0,7.239091824143673e-05,0.1
1,1,7.075260207863786e-05,0.1
2,2,0.0001116752978921,0.1
3,3,8.234578474973768e-05,0.1
4,4,0.0001244446399551,0.1
5,5,8.61886070700023e-05,0.1
6,6,7.500262232298047e-05,0.1
7,7,0.0001399930833456,0.1
8,8,0.0001090630468548,0.1
9,9,6.642883146254043e-05,0.1
10,10,0.0001707395834694,0.1
11,11,5.3968950711317575e-05,0.1
12,12,4.864641319563917e-05,0.1
13,13,5.405861052936542e-05,0.1
14,14,0.000172768114922,0.1
15,15,7.119731718743084e-05,0.1
16,16,0.0001419137283148,0.1
17,17,0.0001711770059351,0.1
18,18,6.023137371419956e-05,0.1
19,19,7.857984196353498e-05,0.1
20,20,6.00851083610054e-05,0.1
21,21,0.0001889630839903,0.1
22,22,9.486604072238062e-05,0.1
23,23,9.032705119008555e-05,0.1
24,24,0.0001465832091326,0.1
25,25,0.0001193357887955,0.1
26,26,7.719717082032505e-05,0.1
27,27,6.110908847600104e-05,0.1
28,28,7.528557716863386e-05,0.1
29,29,9.836156481732648e-05,0.1
30,30,7.789925571533933e-05,0.1
31,31,9.378910201916416e-05,0.1
32,32,0.0001390569242202,0.1
33,33,9.662713291796232e-05,0.1
34,34,9.320261948308578e-05,0.1
35,35,0.0001054726481094,0.1
36,36,8.432333614458962e-05,0.1
37,37,7.168952679286199e-05,0.1
38,38,0.0001610700704929,0.1
39,39,9.367797644957376e-05,0.1
40,40,9.093904377333636e-05,0.1
41,41,8.325008523496641e-05,0.1
42,42,4.29751027423074e-05,0.1
43,43,5.7911937152472746e-05,0.1
44,44,5.012517891600879e-05,0.1
45,45,0.0001154643987573,0.1
46,46,5.04374818101496e-05,0.1
47,47,0.0001266679419618,0.1
48,48,0.0002000983696182,0.1
49,49,4.366396386336644e-05,0.1
50,50,0.0001883898762758,0.1
51,51,7.382513870358675e-05,0.1
52,52,0.0001806808995081,0.1
53,53,0.0001133039279432,0.1
54,54,5.875390118829768e-05,0.1
55,55,6.367885008104625e-05,0.1
56,56,9.810209559202392e-05,0.1
57,57,0.0001091344488652,0.1
58,58,0.000137836560472,0.1
59,59,0.0001284959850806,0.1
60,60,0.0001182140996398,0.1
61,61,7.58483847007603e-05,0.1
62,62,6.517256625623523e-05,0.1
63,63,0.0001284969209266,0.1
64,64,7.837846257483235e-05,0.1
65,65,7.758007117395442e-05,0.1
66,66,0.0001349103117157,0.1
67,67,8.804020251357192e-05,0.1
68,68,8.14820692791167e-05,0.1
69,69,0.0001777491335614,0.1
70,70,0.0001408304829691,0.1
71,71,5.909905646292055e-05,0.1
72,72,9.683813833826452e-05,0.1
73,73,7.008557462102432e-05,0.1
74,74,8.140460023414019e-05,0.1
75,75,5.38014641580223e-05,0.1
76,76,5.911152556616137e-05,0.1
77,77,8.482872829627605e-05,0.1
78,78,5.98397183159188e-05,0.1
79,79,6.200354841879259e-05,0.1
80,80,9.667372452762456e-05,0.1
81,81,0.0001343471300545,0.1
82,82,0.000125406265336,0.1
83,83,4.9700488567315885e-05,0.1
84,84,4.210879216584963e-05,0.1
85,85,0.000110162765843,0.1
86,86,9.87131451950259e-05,0.1
87,87,7.325100738031143e-05,0.1
88,88,0.0001274942347784,0.1
89,89,0.0002831103140705,0.1
90,90,9.132783046004082e-05,0.1
91,91,0.0002292414868242,0.1
92,92,6.454768805901741e-05,0.1
93,93,8.230289504796173e-05,0.1
94,94,4.646724589767427e-05,0.1
95,95,7.94653400559271e-05,0.1
96,96,6.2219332609465e-05,0.1
97,97,8.13119815347661e-05,0.1
98,98,5.631196263980609e-05,0.1
99,99,0.0001107030653425,0.1
100,100,0.0001061613498352,0.09
101,101,6.373462559344827e-05,0.09
102,102,0.0002625261013705,0.09
103,103,0.0006330347562388,0.09
104,104,0.0001279047654408,0.09
105,105,0.0002165779228411,0.09
106,106,0.0001458891260495,0.09
107,107,7.055539043868394e-05,0.09
108,108,9.938933954620832e-05,0.09
109,109,0.0001407722728318,0.09
110,110,0.0001055331942662,0.09
111,111,0.0003182967462264,0.09
112,112,7.61348029118726e-05,0.09
113,113,0.0003733949807674,0.09
114,114,0.000184143962968,0.09
115,115,6.534740813961103e-05,0.09
116,116,0.0001092754124486,0.09
117,117,0.0001165181898877,0.09
118,118,8.043578097154488e-05,0.09
119,119,0.0001114928115752,0.09
120,120,0.000115882916466,0.09
121,121,6.872042802575558e-05,0.09
122,122,0.000179378402738,0.09
123,123,8.275676651183644e-05,0.09
124,124,7.007277764988595e-05,0.09
125,125,3.698560008777113e-05,0.09
126,126,0.0002394402243257,0.09
127,127,0.0001203820915187,0.09
128,128,0.0001084966378028,0.09
129,129,0.0001919753617227,0.09
130,130,0.0001470712131076,0.09
131,131,0.0001693096619662,0.09
132,132,0.0001005946089513,0.09
133,133,0.0002442219981743,0.09
134,134,6.853657500067168e-05,0.09
135,135,0.0001135059102609,0.09
136,136,0.0001792171407838,0.09
137,137,0.0002135276185135,0.09
138,138,0.0002163900909715,0.09
139,139,0.0002399883214043,0.09
140,140,0.0002049773396752,0.09
141,141,0.0002638075252288,0.09
142,142,0.0001159375197035,0.09
143,143,0.0002235765482359,0.09
144,144,0.0001841204776352,0.09
145,145,0.0001196044444739,0.09
146,146,0.0001284691677355,0.09
147,147,0.0001811904303979,0.09
148,148,9.986334545795292e-05,0.09
149,149,0.000233399336412,0.09
150,150,0.0003338371559618,0.09
151,151,0.0003061391481771,0.09
152,152,0.0002810235791236,0.09
153,153,0.0001833804207851,0.09
154,154,0.0002197531715945,0.09
155,155,0.0001312814091213,0.09
156,156,0.0001090328486376,0.09
157,157,0.0002587002851133,0.09
158,158,7.405121980115162e-05,0.09
159,159,0.0001004722888709,0.09
160,160,0.0001476087669203,0.09
161,161,0.0001754509459499,0.09
162,162,0.0003754365122797,0.09
163,163,7.113000572525953e-05,0.09
164,164,0.0004303817653341,0.09
165,165,0.0002326679441811,0.09
166,166,0.0003250968971876,0.09
167,167,0.0004331260089954,0.09
168,168,0.0001420098990355,0.09
169,169,7.932677102328171e-05,0.09
170,170,0.0001267348195798,0.09
171,171,0.0001134333674108,0.09
172,172,0.0001970901207705,0.09
173,173,7.597810813524056e-05,0.09
174,174,0.0001360789961973,0.09
175,175,0.0001281791306279,0.09
176,176,0.0001335100155548,0.09
177,177,0.000117300554604,0.09
178,178,0.0001219736137657,0.09
179,179,0.0001258382339676,0.09
180,180,7.82050481125264e-05,0.09
181,181,0.0003001581248056,0.09
182,182,9.584014719112455e-05,0.09
183,183,5.821590205456207e-05,0.09
184,184,6.716086628756393e-05,0.09
185,185,0.0001196568866036,0.09
186,186,7.602738905053741e-05,0.09
187,187,0.000208174463257,0.09
188,188,8.044692919880635e-05,0.09
189,189,3.012800797501989e-05,0.09
190,190,0.0001842038438604,0.09
191,191,9.56561742629251e-05,0.09
192,192,6.11933108313133e-05,0.09
193,193,0.000145531201761,0.09
194,194,0.000163789750231,0.09
195,195,5.6732698142414e-05,0.09
196,196,0.0003187068892392,0.09
197,197,8.051312937950474e-05,0.09
198,198,0.0002678085833802,0.09
199,199,0.0001186617236641,0.09
200,200,0.0001723665030338,0.08
201,201,0.0002089009309595,0.08
202,202,9.90648869997028e-05,0.08
203,203,0.0001482127458219,0.08
204,204,0.0001239968532105,0.08
205,205,0.0001650335358359,0.08
206,206,0.0001166660764212,0.08
207,207,0.0002893900578778,0.08
208,208,0.0002692543917829,0.08
209,209,0.0001007933433105,0.08
210,210,0.00015537334307,0.08
211,211,0.0002281914746287,0.08
212,212,0.0002093810185483,0.08
213,213,0.0001128978236351,0.08
214,214,0.0002279011641543,0.08
215,215,0.0002081006482746,0.08
216,216,0.0002273738350229,0.08
217,217,0.0002553404305972,0.08
218,218,0.0002912709562101,0.08
219,219,0.0001056269948454,0.08
220,220,0.0001733282899202,0.08
221,221,0.0002306239857774,0.08
222,222,0.0001336096423487,0.08
223,223,0.0002808072350922,0.08
224,224,0.0001004487783204,0.08
225,225,0.000154883154785,0.08
226,226,9.312158820629916e-05,0.08
227,227,0.0003472891291261,0.08
228,228,0.0001705457356584,0.08
229,229,0.0001619022222703,0.08
230,230,0.0002987057561628,0.08
231,231,0.0001082447661878,0.08
232,232,0.000172342340084,0.08
233,233,0.0001553478277349,0.08
234,234,0.0002159995976239,0.08
235,235,0.0002053504429361,0.08
236,236,0.0001549912597666,0.08
237,237,0.0002201466438244,0.08
238,238,0.0001155631901455,0.08
239,239,0.0001484606834426,0.08
240,240,0.0001453033290182,0.08
241,241,0.0002033842220305,0.08
242,242,0.0004274048034039,0.08
243,243,0.0001422272901362,0.08
244,244,0.0002026334200215,0.08
245,245,0.0002690263196042,0.08
246,246,0.0001120422570112,0.08
247,247,0.0002162177919753,0.08
248,248,0.000115734601399,0.08
249,249,0.0003139927233731,0.08
250,250,0.0001603082977389,0.08
251,251,0.0003100275740798,0.08
252,252,8.540951756063925e-05,0.08
253,253,0.0001006561134005,0.08
254,254,0.0001453801331036,0.08
255,255,0.0001515031497662,0.08
256,256,0.0001474911855675,0.08
257,257,0.0003284168276955,0.08
258,258,0.0001503450852568,0.08
259,259,0.0001348648671724,0.08
260,260,0.0001730672192459,0.08
261,261,0.0003559159050072,0.08
262,262,0.0002162754089815,0.08
263,263,0.0001970088271812,0.08
264,264,0.0002340144034633,0.08
265,265,0.0001884732998541,0.08
266,266,0.0001097621707245,0.08
267,267,0.0001434773582483,0.08
268,268,0.0004534891199613,0.08
269,269,0.0001754394012953,0.08
270,270,0.0002785596201766,0.08
271,271,0.0002623319711514,0.08
272,272,0.0001961346103955,0.08
273,273,0.0001970347507695,0.08
274,274,0.0001299584343533,0.08
275,275,0.0002192947027381,0.08
276,276,0.0001642475854258,0.08
277,277,0.0001151132691359,0.08
278,278,0.0001031727670147,0.08
279,279,0.0003284574054502,0.08
280,280,0.0002222321153021,0.08
281,281,9.545480715278478e-05,0.08
282,282,0.0001242440017534,0.08
283,283,4.423626908325739e-05,0.08
284,284,0.0002745135907267,0.08
285,285,0.0007077254081865,0.08
286,286,0.0001434174675297,0.08
287,287,0.0001547043599247,0.08
288,288,0.000398924194249,0.08
289,289,7.375222098730888e-05,0.08
290,290,0.0001798624043746,0.08
291,291,0.0002208603001405,0.08
292,292,0.0001667214678217,0.08
293,293,0.0001520885252614,0.08
294,294,9.476922262970672e-05,0.08
295,295,0.0003352401530806,0.08
296,296,0.0002046199766162,0.08
297,297,0.0001051397528047,0.08
298,298,0.0002839453368945,0.08
299,299,0.000209693142254,0.08
300,300,0.0004501267520954,0.07
301,301,0.0003359532148331,0.07
302,302,0.0001376896832727,0.07
303,303,0.0003811989736277,0.07
304,304,0.0001298749772587,0.07
305,305,0.0003417743839098,0.07
306,306,0.0002809063197336,0.07
307,307,0.0003635509233975,0.07
308,308,0.0004661966524911,0.07
309,309,0.0003597072678992,0.07
310,310,0.0004479858123999,0.07
311,311,0.0003453041948433,0.07
312,312,0.0002109005612513,0.07
313,313,0.0003094479816659,0.07
314,314,0.0001241248970026,0.07
315,315,0.0002842867338262,0.07
316,316,0.0003843679965902,0.07
317,317,0.0006173622776055,0.07
318,318,0.0002271156000336,0.07
319,319,0.0002849337881284,0.07
320,320,0.0004007537662044,0.07
321,321,0.0004844597786471,0.07
322,322,0.0001837219878123,0.07
323,323,0.0004028293755119,0.07
324,324,0.0006225951534018,0.07
325,325,0.000410127194689,0.07
326,326,0.0004218542658448,0.07
327,327,0.000424848446942,0.07
328,328,0.0004371509031023,0.07
329,329,0.0002272040377508,0.07
330,330,0.0004633543932444,0.07
331,331,0.0002044867572924,0.07
332,332,0.000351720376313,0.07
333,333,0.0002608299255198,0.07
334,334,0.0002376215696899,0.07
335,335,0.0007086876819107,0.07
336,336,0.0002388269512227,0.07
337,337,0.0002116113229124,0.07
338,338,0.0004070985762955,0.07
339,339,0.0004280238119932,0.07
340,340,0.000270341386854,0.07
341,341,0.0003580338669766,0.07
342,342,0.0003764073356626,0.07
343,343,0.0006460313787952,0.07
344,344,0.0002937383417857,0.07
345,345,0.0004669477194061,0.07
346,346,0.000121402348703,0.07
347,347,0.0004911735507233,0.07
348,348,0.0010687030684574,0.07
349,349,0.0002608134241175,0.07
350,350,0.0003793254579859,0.07
351,351,0.0001802870659266,0.07
352,352,0.0003332973817765,0.07
353,353,0.000143449170273,0.07
354,354,0.0004411938066815,0.07
355,355,0.0002635785595247,0.07
356,356,0.0004887272713482,0.07
357,357,0.0002880524408662,0.07
358,358,0.0004178721470928,0.07
359,359,0.0003772957137484,0.07
360,360,0.0003443586237871,0.07
361,361,0.0004648280140262,0.07
362,362,0.0001611958031224,0.07
363,363,0.000483696293837,0.07
364,364,0.0005718839994543,0.07
365,365,0.0003081206449804,0.07
366,366,0.0001769042591706,0.07
367,367,0.0003562159296955,0.07
368,368,0.00067302155957,0.07
369,369,0.0003554147691245,0.07
370,370,0.0003394684078976,0.07
371,371,0.000374819920341,0.07
372,372,0.0004933671812605,0.07
373,373,0.0001507318802036,0.07
374,374,0.0003603418323917,0.07
375,375,0.0007036635505824,0.07
376,376,0.0004497412420315,0.07
377,377,0.000263695042148,0.07
378,378,0.0001964184100123,0.07
379,379,0.0006448777285909,0.07
380,380,0.0003189942855156,0.07
381,381,0.000307347940723,0.07
382,382,0.0005585029914923,0.07
383,383,0.0006054703714376,0.07
384,384,0.0003577855679516,0.07
385,385,0.0003911938312228,0.07
386,386,0.0003396641065163,0.07
387,387,0.0006571668665174,0.07
388,388,0.0001732186298009,0.07
389,389,0.0003899954078362,0.07
390,390,0.0006704288756833,0.07
391,391,0.000251338040443,0.07
392,392,0.0001409707993319,0.07
393,393,0.0004145532204985,0.07
394,394,0.0003102970115267,0.07
395,395,0.0003159560360728,0.07
396,396,0.0004372035154225,0.07
397,397,0.0004163882089056,0.07
398,398,0.0003268222132285,0.07
399,399,0.0007955854060293,0.07
400,400,0.0004646685224277,0.06
401,401,0.0013338974333658,0.06
402,402,0.0007580063028737,0.06
403,403,0.0006655514554173,0.06
404,404,0.0005461253810043,0.06
405,405,0.0004246437283461,0.06
406,406,0.0011778541706175,0.06
407,407,0.0003505826007549,0.06
408,408,0.0005416290414958,0.06
409,409,0.0007136412617592,0.06
410,410,0.0008124048873312,0.06
411,411,0.0009444650998543,0.06
412,412,0.0002583745971801,0.06
413,413,0.0004887777467907,0.06
414,414,0.0007389921278524,0.06
415,415,0.0012395527785003,0.06
416,416,0.0003455723748196,0.06
417,417,0.0004640369059336,0.06
418,418,0.000612704682538,0.06
419,419,0.0004176553524462,0.06
420,420,0.0011643637498795,0.06
421,421,0.0006908039699231,0.06
422,422,0.0009005271549817,0.06
423,423,0.0016629395948142,0.06
424,424,0.0003189204164714,0.06
425,425,0.0003463349681876,0.06
426,426,0.000522076401705,0.06
427,427,0.001506596764158,0.06
428,428,0.0009139966199111,0.06
429,429,0.0002655333221752,0.06
430,430,0.000686673199071,0.06
431,431,0.0007368971413253,0.06
432,432,0.0006658903082069,0.06
433,433,0.000550208189491,0.06
434,434,0.0005436889481238,0.06
435,435,0.0002166439598774,0.06
436,436,0.0006893041859588,0.06
437,437,0.0005430602936576,0.06
438,438,0.0004652080490579,0.06
439,439,0.0001614152733412,0.06
440,440,0.0010098805805357,0.06
441,441,0.0005152325021624,0.06
442,442,0.0008278278150425,0.06
443,443,0.0006174071638661,0.06
444,444,0.0004272927758772,0.06
445,445,0.001153840699099,0.06
446,446,0.0008538552082684,0.06
447,447,0.000660521503317,0.06
448,448,0.0005422180922468,0.06
449,449,0.0006577201551493,0.06
450,450,0.0007048048854374,0.06
451,451,9.824522874101682e-05,0.06
452,452,0.0013362437753549,0.06
453,453,0.0011692468592033,0.06
454,454,0.0010694323770026,0.06
455,455,0.0003579779845049,0.06
456,456,0.0002760005848713,0.06
457,457,0.0004864201101984,0.06
458,458,0.000406635171744,0.06
459,459,0.0006282273918682,0.06
460,460,0.0004264316710111,0.06
461,461,0.0004127799180053,0.06
462,462,0.0007552951092459,0.06
463,463,0.0003297349806843,0.06
464,464,0.0008537401086851,0.06
465,465,0.0009886070775173,0.06
466,466,0.0005086781754771,0.06
467,467,0.0006434293834413,0.06
468,468,0.0005648288728091,0.06
469,469,0.0003475319799738,0.06
470,470,0.0003256388242693,0.06
471,471,0.0006117885270773,0.06
472,472,0.000796979839808,0.06
473,473,0.0006230892668102,0.06
474,474,0.0009077229252762,0.06
475,475,0.0008832823579382,0.06
476,476,0.000375378905425,0.06
477,477,0.0003596285084664,0.06
478,478,0.000472773441111,0.06
479,479,0.0014422587282581,0.06
480,480,0.0002680861072754,0.06
481,481,0.0008934753106566,0.06
482,482,0.0004375242991906,0.06
483,483,0.0009304912269318,0.06
484,484,0.0003834614521871,0.06
485,485,0.0004334151205657,0.06
486,486,0.0013717137506648,0.06
487,487,0.000705783033065,0.06
488,488,0.0004775507458861,0.06
489,489,0.001130589588536,0.06
490,490,0.0014697254034497,0.06
491,491,0.0004346423639323,0.06
492,492,0.00031463851773,0.06
493,493,0.0005896543082792,0.06
494,494,0.0004387943234985,0.06
495,495,0.0006692391261393,0.06
496,496,0.0008808151276796,0.06
497,497,0.0005116848769316,0.06
498,498,0.0009300409674545,0.06
499,499,0.001150500262819,0.06
500,500,0.0012811976807826,0.05
501,501,0.0047413587450491,0.05
502,502,0.0017198515439058,0.05
503,503,0.0026125580975883,0.05
504,504,0.0023204871937642,0.05
505,505,0.0036066104963575,0.05
506,506,0.0014851703679283,0.05
507,507,0.0020879469369773,0.05
508,508,0.0026008561287363,0.05
509,509,0.0007365744527937,0.05
510,510,0.0005687393892376,0.05
511,511,0.0021219499009399,0.05
512,512,0.0016851160038777,0.05
513,513,0.0009757790583853,0.05
514,514,0.0011008727100063,0.05
515,515,0.0008063207557482,0.05
516,516,0.0026279634349862,0.05
517,517,0.0020814241214225,0.05
518,518,0.0005644265426572,0.05
519,519,0.0010988178477189,0.05
520,520,0.0010673870203355,0.05
521,521,0.0018043544543486,0.05
522,522,0.0011479832577762,0.05
523,523,0.0011814391049075,0.05
524,524,0.0012653023938623,0.05
525,525,0.0017508342856202,0.05
526,526,0.0015171310762195,0.05
527,527,0.0016392381765989,0.05
528,528,0.0010584900031381,0.05
529,529,0.0007409701378299,0.05
530,530,0.0029585410091432,0.05
531,531,0.0009395075230745,0.05
532,532,0.0012235761680939,0.05
533,533,0.0011785825989998,0.05
534,534,0.0008889247235781,0.05
535,535,0.0007960600086161,0.05
536,536,0.0004595610716944,0.05
537,537,0.0008702164331139,0.05
538,538,0.0015623526490893,0.05
539,539,0.0007493468268581,0.05
540,540,0.0017598724612415,0.05
541,541,0.0025662917177823,0.05
542,542,0.0010308233158326,0.05
543,543,0.0043723397735479,0.05
544,544,0.0036517423120938,0.05
545,545,0.0013953839905185,0.05
546,546,0.001328374361015,0.05
547,547,0.0014386600079093,0.05
548,548,0.000621442677622,0.05
549,549,0.0014609694747444,0.05
550,550,0.0004625986505386,0.05
551,551,0.0009191099213189,0.05
552,552,0.0011415515594988,0.05
553,553,0.001481387524624,0.05
554,554,0.0007117155305053,0.05
555,555,0.001656879826641,0.05
556,556,0.0006332220480343,0.05
557,557,0.0003835483065007,0.05
558,558,0.0010304065493258,0.05
559,559,0.0009663551696403,0.05
560,560,0.0014247527930355,0.05
561,561,0.0017002018241054,0.05
562,562,0.0009555909526847,0.05
563,563,0.0020712478777198,0.05
564,564,0.0007694887723272,0.05
565,565,0.0041407104899158,0.05
566,566,0.0005965172761603,0.05
567,567,0.0011969563432376,0.05
568,568,0.0012344589791053,0.05
569,569,0.0029167872236266,0.05
570,570,0.0015310019428853,0.05
571,571,0.001205428594145,0.05
572,572,0.0012674134499703,0.05
573,573,0.0005087733310619,0.05
574,574,0.0005234579696185,0.05
575,575,0.0003230799751699,0.05
576,576,0.0016616740172974,0.05
577,577,0.000743700031478,0.05
578,578,0.0025404540803715,0.05
579,579,0.0007806221218938,0.05
580,580,0.0011242101660659,0.05
581,581,0.0013762253540967,0.05
582,582,0.0032571585326643,0.05
583,583,0.003607168807536,0.05
584,584,0.0025471118215507,0.05
585,585,0.000940972759855,0.05
586,586,0.0017597770499136,0.05
587,587,0.0023724877456061,0.05
588,588,0.0016945583522683,0.05
589,589,0.0007102164323812,0.05
590,590,0.0013336359805776,0.05
591,591,0.0010103623871345,0.05
592,592,0.0026242832112065,0.05
593,593,0.0012918746922469,0.05
594,594,0.0016297421695435,0.05
595,595,0.0017511048363699,0.05
596,596,0.001445571180266,0.05
597,597,0.0004176433606315,0.05
598,598,0.0004853331100099,0.05
599,599,0.0012002741882808,0.05
600,600,0.0033641838881263,0.045
601,601,0.0007734482228485,0.045
602,602,0.0014121222145556,0.045
603,603,0.0019528583995897,0.045
604,604,0.0029508076655635,0.045
605,605,0.0015562693976878,0.045
606,606,0.0007722194136801,0.045
607,607,0.0021075972426859,0.045
608,608,0.001316860603146,0.045
609,609,0.001614149178917,0.045
610,610,0.0028108265675986,0.045
611,611,0.002219073149086,0.045
612,612,0.0018685454241829,0.045
613,613,0.0023464821659221,0.045
614,614,0.0020843323969954,0.045
615,615,0.002071857767449,0.045
616,616,0.0018392764964896,0.045
617,617,0.0012420550658438,0.045
618,618,0.0018819179858431,0.045
619,619,0.0010866260841796,0.045
620,620,0.0016317804607436,0.045
621,621,0.0038042925271837,0.045
622,622,0.0011929688991066,0.045
623,623,0.0013740095095952,0.045
624,624,0.0012439549743043,0.045
625,625,0.003775308456713,0.045
626,626,0.0035944514020492,0.045
627,627,0.0026105573684981,0.045
628,628,0.0020789239659045,0.045
629,629,0.0043657294864479,0.045
630,630,0.0006464581336393,0.045
631,631,0.0119245053436727,0.045
632,632,0.0022338739254885,0.045
633,633,0.0043809260755915,0.045
634,634,0.0030796784767124,0.045
635,635,0.00222455123171,0.045
636,636,0.002869643040831,0.045
637,637,0.0014671097412257,0.045
638,638,0.0021353789971002,0.045
639,639,0.0043350543780546,0.045
640,640,0.002442213082011,0.045
641,641,0.000963632809271,0.045
642,642,0.0008974622230059,0.045
643,643,0.0017300345957043,0.045
644,644,0.0015350516034775,0.045
645,645,0.0016226788927714,0.045
646,646,0.0031153540770499,0.045
647,647,0.0011674989237168,0.045
648,648,0.0028962778182462,0.045
649,649,0.0027749679152381,0.045
650,650,0.0035544326612024,0.045
651,651,0.0025061050031172,0.045
652,652,0.0054335639961286,0.045
653,653,0.0018876435370729,0.045
654,654,0.0020215303664238,0.045
655,655,0.0013347686569098,0.045
656,656,0.0028475306251813,0.045
657,657,0.0022350405690319,0.045
658,658,0.0015939503244422,0.045
659,659,0.0009469132390925,0.045
660,660,0.0019494088644889,0.045
661,661,0.0007423849624683,0.045
662,662,0.0011691640065482,0.045
663,663,0.0017920629723705,0.045
664,664,0.0008016372117345,0.045
665,665,0.0025709835124569,0.045
666,666,0.0026608483091143,0.045
667,667,0.0018411203007711,0.045
668,668,0.0013802226959947,0.045
669,669,0.0016146073188216,0.045
670,670,0.0026440192382814,0.045
671,671,0.0028505939675337,0.045
672,672,0.0024038174932448,0.045
673,673,0.0018425811280166,0.045
674,674,0.001110160050445,0.045
675,675,0.0024883211628953,0.045
676,676,0.0045120784806665,0.045
677,677,0.0003639839442804,0.045
678,678,0.0015515341599818,0.045
679,679,0.0040481121291416,0.045
680,680,0.0028769407703744,0.045
681,681,0.0029244495911092,0.045
682,682,0.0017959728739129,0.045
683,683,0.0016318366827181,0.045
684,684,0.0173999513104848,0.045
685,685,0.0023525854549701,0.045
686,686,0.0015558518422636,0.045
687,687,0.0018285169248551,0.045
688,688,0.0028803055708783,0.045
689,689,0.003221322742972,0.045
690,690,0.0006990702459421,0.045
691,691,0.0022070785721264,0.045
692,692,0.0007578495032796,0.045
693,693,0.0014308995984023,0.045
694,694,0.0013866932718645,0.045
695,695,0.0008044675869781,0.045
696,696,0.0048807966485529,0.045
697,697,0.0018640570008212,0.045
698,698,0.0040375598426827,0.045
699,699,0.0011906989257746,0.045
700,700,0.0016651085759341,0.04
701,701,0.0017524881709076,0.04
702,702,0.0017159438723203,0.04
703,703,0.0055174573834018,0.04
704,704,0.0066654500309842,0.04
705,705,0.0020624216889989,0.04
706,706,0.0034864988249287,0.04
707,707,0.0029293513159192,0.04
708,708,0.00659939070464,0.04
709,709,0.0042613184958754,0.04
710,710,0.0038379268541736,0.04
711,711,0.0030252001847928,0.04
712,712,0.0035733855683004,0.04
713,713,0.0038744662971091,0.04
714,714,0.0033880909921817,0.04
715,715,0.0015505997646238,0.04
716,716,0.0088253965086778,0.04
717,717,0.0051542482441071,0.04
718,718,0.0014138491909767,0.04
719,719,0.0020655438433354,0.04
720,720,0.0023183167555745,0.04
721,721,0.0041286325041835,0.04
722,722,0.0087353475572972,0.04
723,723,0.0020670264213956,0.04
724,724,0.0052829093610866,0.04
725,725,0.00087856291085,0.04
726,726,0.0009308897160022,0.04
727,727,0.0024873139244411,0.04
728,728,0.0012976366721875,0.04
729,729,0.0019419841826323,0.04
730,730,0.0023975740727839,0.04
731,731,0.0023111208587929,0.04
732,732,0.0036773181234641,0.04
733,733,0.0031261719301723,0.04
734,734,0.0074662149602422,0.04
735,735,0.0033481003813581,0.04
736,736,0.0037742861260783,0.04
737,737,0.0018136815138866,0.04
738,738,0.003566680763048,0.04
739,739,0.0018423259794514,0.04
740,740,0.0024049697894779,0.04
741,741,0.0024792315995716,0.04
742,742,0.0039275777097996,0.04
743,743,0.0037703380370888,0.04
744,744,0.0050988424733871,0.04
745,745,0.0096237322232789,0.04
746,746,0.0021983112849885,0.04
747,747,0.0013521903764091,0.04
748,748,0.0021407743399188,0.04
749,749,0.0026730849017435,0.04
750,750,0.0051810580558559,0.04
751,751,0.0034305604794584,0.04
752,752,0.0029575731741356,0.04
753,753,0.0025569996924021,0.04
754,754,0.0013659055395779,0.04
755,755,0.0048593311911387,0.04
756,756,0.009442324992775,0.04
757,757,0.0057830218241018,0.04
758,758,0.0049553224568916,0.04
759,759,0.0013335664205463,0.04
760,760,0.001801481141837,0.04
761,761,0.0053904350776429,0.04
762,762,0.0030922150497713,0.04
763,763,0.0016777247171867,0.04
764,764,0.0035889660334247,0.04
765,765,0.0034823809265574,0.04
766,766,0.0031910150266123,0.04
767,767,0.0048789706277821,0.04
768,768,0.0048595054426617,0.04
769,769,0.0066412133976182,0.04
770,770,0.0041734120685135,0.04
771,771,0.0041295154419401,0.04
772,772,0.0053147744353751,0.04
773,773,0.0029459534048321,0.04
774,774,0.0044417037205836,0.04
775,775,0.002060482810719,0.04
776,776,0.0033146827335282,0.04
777,777,0.0039917349661029,0.04
778,778,0.0011037023957551,0.04
779,779,0.0041246914029378,0.04
780,780,0.0040863616067843,0.04
781,781,0.002518810531095,0.04
782,782,0.0024614422508476,0.04
783,783,0.0065529373087341,0.04
784,784,0.0026174566977759,0.04
785,785,0.0016859851197932,0.04
786,786,0.0053556148225333,0.04
787,787,0.0013832540765276,0.04
788,788,0.0044020057102906,0.04
789,789,0.0207663010035305,0.04
790,790,0.0026141000466467,0.04
791,791,0.0022970227699441,0.04
792,792,0.0022039521851187,0.04
793,793,0.0052766004775084,0.04
794,794,0.0020683963008031,0.04
795,795,0.0019781663273081,0.04
796,796,0.0025398574583822,0.04
797,797,0.0016233447195688,0.04
798,798,0.0029628958630338,0.04
799,799,0.0026918617947478,0.04
800,800,0.00824749436559,0.035
801,801,0.0047097102853565,0.035
802,802,0.0048095651221457,0.035
803,803,0.0088569986124073,0.035
804,804,0.0045833534635363,0.035
805,805,0.0017291611930963,0.035
806,806,0.0085439630048573,0.035
807,807,0.0040380315136665,0.035
808,808,0.0078196224490497,0.035
809,809,0.0027944382728276,0.035
810,810,0.0049233075484167,0.035
811,811,0.0034174482964161,0.035
812,812,0.0117501917585317,0.035
813,813,0.0092146817188114,0.035
814,814,0.0025658590013821,0.035
815,815,0.0103725261944073,0.035
816,816,0.0025162618602642,0.035
817,817,0.0081692936534607,0.035
818,818,0.0109132706314891,0.035
819,819,0.0052873024587061,0.035
820,820,0.0027308729135069,0.035
821,821,0.0033309154109008,0.035
822,822,0.0072369064355262,0.035
823,823,0.0050432610554656,0.035
824,824,0.0043228838975659,0.035
825,825,0.0054132298114149,0.035
826,826,0.0030896026071221,0.035
827,827,0.0044570344866912,0.035
828,828,0.0076215224877734,0.035
829,829,0.004223927420929,0.035
830,830,0.0054030963511297,0.035
831,831,0.001505408259278,0.035
832,832,0.0022717510697295,0.035
833,833,0.0066299815304933,0.035
834,834,0.005222868987246,0.035
835,835,0.0043134669845811,0.035
836,836,0.0066561182646878,0.035
837,837,0.0084309103988932,0.035
838,838,0.0022746623600269,0.035
839,839,0.003702023599441,0.035
840,840,0.0065110297150191,0.035
841,841,0.0100636889979087,0.035
842,842,0.0050944758068948,0.035
843,843,0.0050658078423713,0.035
844,844,0.0098518194962173,0.035
845,845,0.0048801905005536,0.035
846,846,0.0083873599186199,0.035
847,847,0.004124931778025,0.035
848,848,0.003851733077159,0.035
849,849,0.0082606956208703,0.035
850,850,0.0053713620505265,0.035
851,851,0.0035887265845186,0.035
852,852,0.0029140131608264,0.035
853,853,0.00501218613195,0.035
854,854,0.0130664020862489,0.035
855,855,0.0067279152309315,0.035
856,856,0.0027459064691251,0.035
857,857,0.0053514495170177,0.035
858,858,0.003346590578352,0.035
859,859,0.005075214137804,0.035
860,860,0.0075193368201955,0.035
861,861,0.0080855761528206,0.035
862,862,0.0054705947342402,0.035
863,863,0.0009226238722528,0.035
864,864,0.0021656106243581,0.035
865,865,0.0038323698340461,0.035
866,866,0.0030068415131894,0.035
867,867,0.0052150981764254,0.035
868,868,0.0049677605694959,0.035
869,869,0.0035585722457278,0.035
870,870,0.0039071118719224,0.035
871,871,0.0061797227204301,0.035
872,872,0.0030654329417275,0.035
873,873,0.0034977790023921,0.035
874,874,0.003386574763116,0.035
875,875,0.0114565820436072,0.035
876,876,0.0090474172748824,0.035
877,877,0.0039923510131747,0.035
878,878,0.0074743359551028,0.035
879,879,0.0189300747320926,0.035
880,880,0.0080284517255353,0.035
881,881,0.0033409147601752,0.035
882,882,0.0094617060932891,0.035
883,883,0.0049633812271124,0.035
884,884,0.0033264210078436,0.035
885,885,0.006226751331896,0.035
886,886,0.0041690447470881,0.035
887,887,0.0053800016633029,0.035
888,888,0.0066923649626746,0.035
889,889,0.0073135664497411,0.035
890,890,0.0076011913389306,0.035
891,891,0.0125958774807226,0.035
892,892,0.008704282077192,0.035
893,893,0.0058662164667494,0.035
894,894,0.0034671716421439,0.035
895,895,0.0054624920268652,0.035
896,896,0.0075823714770429,0.035
897,897,0.007541870732582,0.035
898,898,0.0086580751037948,0.035
899,899,0.0063919130121049,0.035
900,900,0.0192091371703277,0.03
901,901,0.0071376922397216,0.03
902,902,0.030573484978172,0.03
903,903,0.0080217509480352,0.03
904,904,0.0091847085555797,0.03
905,905,0.0014983551671686,0.03
906,906,0.0066113676483511,0.03
907,907,0.009671615743303,0.03
908,908,0.012580525105033,0.03
909,909,0.0358503409320987,0.03
910,910,0.0185006038826131,0.03
911,911,0.0240059850016282,0.03
912,912,0.0067294638364755,0.03
913,913,0.0083888736386744,0.03
914,914,0.006500396553737,0.03
915,915,0.0193910588602282,0.03
916,916,0.0109431676997981,0.03
917,917,0.0242986531325369,0.03
918,918,0.0114878280122853,0.03
919,919,0.0213371215508727,0.03
920,920,0.0101911402444326,0.03
921,921,0.0082493966991323,0.03
922,922,0.0058834605378965,0.03
923,923,0.0245818108411973,0.03
924,924,0.004267101015991,0.03
925,925,0.0144488617587492,0.03
926,926,0.018619185134489,0.03
927,927,0.0048203821010688,0.03
928,928,0.0130304673891109,0.03
929,929,0.0118349269056253,0.03
930,930,0.0192079225679477,0.03
931,931,0.0023814412706109,0.03
932,932,0.0216182076584011,0.03
933,933,0.0071511061183329,0.03
934,934,0.0121054154454239,0.03
935,935,0.0179763490195313,0.03
936,936,0.0041469548108699,0.03
937,937,0.0132497565801226,0.03
938,938,0.0195890022197012,0.03
939,939,0.0070719643527309,0.03
940,940,0.0075081612863897,0.03
941,941,0.007244031390372,0.03
942,942,0.0193572059092475,0.03
943,943,0.0311802135241556,0.03
944,944,0.0186880237299064,0.03
945,945,0.0043476721000495,0.03
946,946,0.0114521567019248,0.03
947,947,0.0123216138620657,0.03
948,948,0.0045643379482561,0.03
949,949,0.0126308722258874,0.03
950,950,0.0168852110971146,0.03
951,951,0.0147022130856712,0.03
952,952,0.0144984247119395,0.03
953,953,0.0030306575770413,0.03
954,954,0.0053827221312696,0.03
955,955,0.0207398255645896,0.03
956,956,0.0040478495568126,0.03
957,957,0.0117529143489148,0.03
958,958,0.0072559400948588,0.03
959,959,0.0049073712128237,0.03
960,960,0.0137818417172787,0.03
961,961,0.027559711332285,0.03
962,962,0.0080418289978975,0.03
963,963,0.0042089183568777,0.03
964,964,0.0153247711043014,0.03
965,965,0.0053628850449906,0.03
966,966,0.0125102699508825,0.03
967,967,0.0053220767863429,0.03
968,968,0.0067195881385115,0.03
969,969,0.006849284876125,0.03
970,970,0.0057509242512535,0.03
971,971,0.0083785889970096,0.03
972,972,0.0084366121057192,0.03
973,973,0.0103912840599878,0.03
974,974,0.006077234975029,0.03
975,975,0.0125977538998519,0.03
976,976,0.0122149789873504,0.03
977,977,0.00392025703492,0.03
978,978,0.0104512811208819,0.03
979,979,0.0217499203236203,0.03
980,980,0.0114811145508448,0.03
981,981,0.0197903520275411,0.03
982,982,0.0085049096721997,0.03
983,983,0.0147693070036561,0.03
984,984,0.0064907922586281,0.03
985,985,0.0319396557941204,0.03
986,986,0.0073611267338788,0.03
987,987,0.01286783502152,0.03
988,988,0.0086198619978102,0.03
989,989,0.0126082375877482,0.03
990,990,0.0129520200304038,0.03
991,991,0.0097588391591638,0.03
992,992,0.005573344159065,0.03
993,993,0.0050900696506806,0.03
994,994,0.0123333159904607,0.03
995,995,0.0052856737997132,0.03
996,996,0.0203991803386165,0.03
997,997,0.0098950700489033,0.03
998,998,0.0018652877126281,0.03
999,999,0.0111644330227127,0.03
1000,1000,0.0221446145549564,0.025
1001,1001,0.0173473850706238,0.025
1002,1002,0.0485014963087051,0.025
1003,1003,0.0398591602123357,0.025
1004,1004,0.0248521283238401,0.025
1005,1005,0.0174798165187368,0.025
1006,1006,0.0400491903937874,0.025
1007,1007,0.0227718180152494,0.025
1008,1008,0.0297828420570151,0.025
1009,1009,0.025073058494872,0.025
1010,1010,0.0183977718653191,0.025
1011,1011,0.0168513150712848,0.025
1012,1012,0.0204711673538038,0.025
1013,1013,0.0180585447641575,0.025
1014,1014,0.0092289102384945,0.025
1015,1015,0.0166222440106689,0.025
1016,1016,0.0235024537704922,0.025
1017,1017,0.0143441664325692,0.025
1018,1018,0.0226220969276941,0.025
1019,1019,0.020364399227382,0.025
1020,1020,0.0221372101488298,0.025
1021,1021,0.0228231494236137,0.025
1022,1022,0.0088462153439724,0.025
1023,1023,0.0257992317715245,0.025
1024,1024,0.0233535125516466,0.025
1025,1025,0.0304040332084432,0.025
1026,1026,0.0497386710724428,0.025
1027,1027,0.0170917693440805,0.025
1028,1028,0.0175279549025614,0.025
1029,1029,0.0139590660091507,0.025
1030,1030,0.0206767511964337,0.025
1031,1031,0.0334502475523021,0.025
1032,1032,0.0233049937326692,0.025
1033,1033,0.0279258857943365,0.025
1034,1034,0.0204222755089618,0.025
1035,1035,0.0244902824399267,0.025
1036,1036,0.0087975813214205,0.025
1037,1037,0.0268321503271798,0.025
1038,1038,0.0121383933848817,0.025
1039,1039,0.0073309739871709,0.025
1040,1040,0.0185525152921397,0.025
1041,1041,0.0112343790453978,0.025
1042,1042,0.032044987623431,0.025
1043,1043,0.0072274030924619,0.025
1044,1044,0.0121179408627952,0.025
1045,1045,0.0356909986240589,0.025
1046,1046,0.0203973118816824,0.025
1047,1047,0.0076991644803435,0.025
1048,1048,0.0249967682023564,0.025
1049,1049,0.0231291289606791,0.025
1050,1050,0.0192658611497904,0.025
1051,1051,0.0219507260952402,0.025
1052,1052,0.0319785544056063,0.025
1053,1053,0.0497086142415603,0.025
1054,1054,0.033465063227235,0.025
1055,1055,0.0358481177254436,0.025
1056,1056,0.0160309704885533,0.025
1057,1057,0.0170463151533973,0.025
1058,1058,0.0402572050662944,0.025
1059,1059,0.0314439202432061,0.025
1060,1060,0.0143795314484473,0.025
1061,1061,0.0203940566688601,0.025
1062,1062,0.0068251080836496,0.025
1063,1063,0.0162731427327658,0.025
1064,1064,0.0187257410351259,0.025
1065,1065,0.0149057873114693,0.025
1066,1066,0.0257036980215509,0.025
1067,1067,0.0333936980978987,0.025
1068,1068,0.0205945669635289,0.025
1069,1069,0.0211587311761286,0.025
1070,1070,0.0216817619070875,0.025
1071,1071,0.0468496783754651,0.025
1072,1072,0.0192986041827039,0.025
1073,1073,0.0105191966933714,0.025
1074,1074,0.0212961876161821,0.025
1075,1075,0.0402989710986975,0.025
1076,1076,0.0348227539355473,0.025
1077,1077,0.0307468489356845,0.025
1078,1078,0.0193703447285419,0.025
1079,1079,0.0230571076000554,0.025
1080,1080,0.0315821229620031,0.025
1081,1081,0.0218179989594607,0.025
1082,1082,0.0099984286895369,0.025
1083,1083,0.0072014185403499,0.025
1084,1084,0.0230536042326591,0.025
1085,1085,0.0311567548210332,0.025
1086,1086,0.0153673323552807,0.025
1087,1087,0.0151563401001245,0.025
1088,1088,0.0241704725779467,0.025
1089,1089,0.0225757679247216,0.025
1090,1090,0.0179407959222529,0.025
1091,1091,0.0263001841002421,0.025
1092,1092,0.0141337820441661,0.025
1093,1093,0.0057308999498777,0.025
1094,1094,0.0388072689639945,0.025
1095,1095,0.0189410680178266,0.025
1096,1096,0.0109056828055352,0.025
1097,1097,0.0238337645467212,0.025
1098,1098,0.0241057993276675,0.025
1099,1099,0.0079520236770169,0.025
1100,1100,0.0331910189419987,0.02
1101,1101,0.0417973266813443,0.02
1102,1102,0.0601225801507796,0.02
1103,1103,0.0420565128329278,0.02
1104,1104,0.0189281725244577,0.02
1105,1105,0.0240941953493431,0.02
1106,1106,0.0247216998210237,0.02
1107,1107,0.038152988076921,0.02
1108,1108,0.0288771332930296,0.02
1109,1109,0.0453407026233879,0.02
1110,1110,0.0600996229246719,0.02
1111,1111,0.0621313024964799,0.02
1112,1112,0.0116192091953247,0.02
1113,1113,0.0689734235038212,0.02
1114,1114,0.0337735949990858,0.02
1115,1115,0.0259547311441418,0.02
1116,1116,0.0306099883212308,0.02
1117,1117,0.015426819874426,0.02
1118,1118,0.0187551477087625,0.02
1119,1119,0.0406343759596968,0.02
1120,1120,0.016200719614155,0.02
1121,1121,0.0435452188088626,0.02
1122,1122,0.0384261523237235,0.02
1123,1123,0.0395473785792929,0.02
1124,1124,0.0451565773195709,0.02
1125,1125,0.0386218940333809,0.02
1126,1126,0.0383806902678945,0.02
1127,1127,0.0375954027322772,0.02
1128,1128,0.0441851262391513,0.02
1129,1129,0.0498939565087763,0.02
1130,1130,0.04010531432336,0.02
1131,1131,0.0358204261422488,0.02
1132,1132,0.0212690635508439,0.02
1133,1133,0.0206809779459579,0.02
1134,1134,0.0209273447168527,0.02
1135,1135,0.0255013736558849,0.02
1136,1136,0.0400864975781449,0.02
1137,1137,0.0241530768163181,0.02
1138,1138,0.0678373417937412,0.02
1139,1139,0.0702016207327392,0.02
1140,1140,0.071127329713884,0.02
1141,1141,0.0197010254605589,0.02
1142,1142,0.0701861188945295,0.02
1143,1143,0.0281811183751458,0.02
1144,1144,0.0352412159582464,0.02
1145,1145,0.0324732549630206,0.02
1146,1146,0.0329408676823969,0.02
1147,1147,0.0215167364671153,0.02
1148,1148,0.0097151852889772,0.02
1149,1149,0.0478359910062564,0.02
1150,1150,0.0410197448407587,0.02
1151,1151,0.0302261569768943,0.02
1152,1152,0.0379767215777748,0.02
1153,1153,0.0483686201086836,0.02
1154,1154,0.0243492508667974,0.02
1155,1155,0.015387314808693,0.02
1156,1156,0.0151812955187358,0.02
1157,1157,0.0236053439134871,0.02
1158,1158,0.0163939999669208,0.02
1159,1159,0.0387378685321117,0.02
1160,1160,0.0542081095623583,0.02
1161,1161,0.0419272629286342,0.02
1162,1162,0.0287490416361228,0.02
1163,1163,0.0241721425541671,0.02
1164,1164,0.0633677056938831,0.02
1165,1165,0.0540182489252631,0.02
1166,1166,0.0381150495952105,0.02
1167,1167,0.0433998249873374,0.02
1168,1168,0.0439878435257679,0.02
1169,1169,0.0673635535229176,0.02
1170,1170,0.0226754150054192,0.02
1171,1171,0.0391826416430422,0.02
1172,1172,0.0578167468489142,0.02
1173,1173,0.0318348335578002,0.02
1174,1174,0.0457390045127294,0.02
1175,1175,0.0229823390075893,0.02
1176,1176,0.0385192136142846,0.02
1177,1177,0.0137698916178318,0.02
1178,1178,0.0728370030239802,0.02
1179,1179,0.0685885790500803,0.02
1180,1180,0.0280386947248998,0.02
1181,1181,0.0305428496888599,0.02
1182,1182,0.0317365906179042,0.02
1183,1183,0.0373872870306223,0.02
1184,1184,0.0399278794982237,0.02
1185,1185,0.0393365286131107,0.02
1186,1186,0.0320747129499167,0.02
1187,1187,0.0343034675529951,0.02
1188,1188,0.0310865187693838,0.02
1189,1189,0.0383491514825279,0.02
1190,1190,0.0546950232093062,0.02
1191,1191,0.0338319887425511,0.02
1192,1192,0.0201330128787057,0.02
1193,1193,0.0245627197304009,0.02
1194,1194,0.0242715075246535,0.02
1195,1195,0.0188994862876238,0.02
1196,1196,0.0305939144981063,0.02
1197,1197,0.0386089781147591,0.02
1198,1198,0.0389729384295809,0.02
1199,1199,0.0978490686931034,0.02
1200,1200,0.0523869243966994,0.015
1201,1201,0.0402382749481231,0.015
1202,1202,0.0769221079963865,0.015
1203,1203,0.09813391213682,0.015
1204,1204,0.0521267511478509,0.015
1205,1205,0.0638859970619851,0.015
1206,1206,0.0658541687417627,0.015
1207,1207,0.0400231451239895,0.015
1208,1208,0.0324571642953358,0.015
1209,1209,0.0541017825520822,0.015
1210,1210,0.0676240432069703,0.015
1211,1211,0.0517502077592177,0.015
1212,1212,0.0890192818849861,0.015
1213,1213,0.0591486630842459,0.015
1214,1214,0.0669786304536401,0.015
1215,1215,0.0390498626132551,0.015
1216,1216,0.0669565038207358,0.015
1217,1217,0.0405232805589879,0.015
1218,1218,0.0551655047302431,0.015
1219,1219,0.0448524085323519,0.015
1220,1220,0.0637380124090937,0.015
1221,1221,0.0276128767953327,0.015
1222,1222,0.0654317415308439,0.015
1223,1223,0.0772448661397856,0.015
1224,1224,0.0743381436903178,0.015
1225,1225,0.0670552865220862,0.015
1226,1226,0.0310979729064446,0.015
1227,1227,0.0577443568693686,0.015
1228,1228,0.065808186730001,0.015
1229,1229,0.0404104486855656,0.015
1230,1230,0.0991547014036517,0.015
1231,1231,0.060108406400401,0.015
1232,1232,0.0629828439872249,0.015
1233,1233,0.0588977096908271,0.015
1234,1234,0.0407448619561936,0.015
1235,1235,0.0710254351348979,0.015
1236,1236,0.0394228585675516,0.015
1237,1237,0.0524603536765883,0.015
1238,1238,0.0540467716617806,0.015
1239,1239,0.067534231492217,0.015
1240,1240,0.0763697546074158,0.015
1241,1241,0.0595191459328859,0.015
1242,1242,0.0429205678792029,0.015
1243,1243,0.0307063468459349,0.015
1244,1244,0.0524929475532616,0.015
1245,1245,0.0697141977326369,0.015
1246,1246,0.0209933376336042,0.015
1247,1247,0.0627793923938601,0.015
1248,1248,0.0672315401171556,0.015
1249,1249,0.0689975288270258,0.015
1250,1250,0.051222431063913,0.015
1251,1251,0.0623203723924017,0.015
1252,1252,0.0438597713733699,0.015
1253,1253,0.0517270704991326,0.015
1254,1254,0.089686991381636,0.015
1255,1255,0.0660108092319043,0.015
1256,1256,0.0639677763823069,0.015
1257,1257,0.0243142149526392,0.015
1258,1258,0.0625063664271838,0.015
1259,1259,0.0586927540082607,0.015
1260,1260,0.0526626843287208,0.015
1261,1261,0.0652107300771215,0.015
1262,1262,0.0872211197409244,0.015
1263,1263,0.0931637484748192,0.015
1264,1264,0.0856245507898452,0.015
1265,1265,0.0801230432302896,0.015
1266,1266,0.065217589737213,0.015
1267,1267,0.0660472004591572,0.015
1268,1268,0.0802054297608104,0.015
1269,1269,0.05060776818648,0.015
1270,1270,0.1292155303334749,0.015
1271,1271,0.0727870535123867,0.015
1272,1272,0.054808312919878,0.015
1273,1273,0.0524560676301754,0.015
1274,1274,0.0389036004379778,0.015
1275,1275,0.0133499602796336,0.015
1276,1276,0.0901146169343621,0.015
1277,1277,0.0525792615393873,0.015
1278,1278,0.0386096936617927,0.015
1279,1279,0.0412699925838746,0.015
1280,1280,0.0732532594566219,0.015
1281,1281,0.0614078093683932,0.015
1282,1282,0.0799807699942326,0.015
1283,1283,0.0681937169013141,0.015
1284,1284,0.0348917893406226,0.015
1285,1285,0.0330846564480992,0.015
1286,1286,0.0579174887003636,0.015
1287,1287,0.0431024610993486,0.015
1288,1288,0.1141809522210591,0.015
1289,1289,0.044504407041742,0.015
1290,1290,0.0626571254268713,0.015
1291,1291,0.0454522200136533,0.015
1292,1292,0.0622265857907726,0.015
1293,1293,0.0799290482431593,0.015
1294,1294,0.0831515479176883,0.015
1295,1295,0.0649720764081459,0.015
1296,1296,0.0672323030279293,0.015
1297,1297,0.0217840539804334,0.015
1298,1298,0.0436261396744756,0.015
1299,1299,0.0667397861375903,0.015
1300,1300,0.1240576148263641,0.01
1301,1301,0.0671791328499129,0.01
1302,1302,0.0643985206753254,0.01
1303,1303,0.0823684088998612,0.01
1304,1304,0.1644564434474305,0.01
1305,1305,0.1615982496446386,0.01
1306,1306,0.1226495581902273,0.01
1307,1307,0.0660238059930956,0.01
1308,1308,0.1367883066188447,0.01
1309,1309,0.0591521237325419,0.01
1310,1310,0.0787018231181811,0.01
1311,1311,0.0935627909930278,0.01
1312,1312,0.0928937297259776,0.01
1313,1313,0.0853235867438946,0.01
1314,1314,0.077613677023761,0.01
1315,1315,0.1189028799742828,0.01
1316,1316,0.0916718353858409,0.01
1317,1317,0.0718438909931802,0.01
1318,1318,0.083475452297832,0.01
1319,1319,0.0779546248933516,0.01
1320,1320,0.1189319055587197,0.01
1321,1321,0.1403142289302733,0.01
1322,1322,0.1461330632515784,0.01
1323,1323,0.1123853855182867,0.01
1324,1324,0.0802664995163049,0.01
1325,1325,0.1030900542999242,0.01
1326,1326,0.0627036889394025,0.01
1327,1327,0.0656257211441031,0.01
1328,1328,0.1154812164296631,0.01
1329,1329,0.1210181321021932,0.01
1330,1330,0.0927428454989045,0.01
1331,1331,0.1310522761492711,0.01
1332,1332,0.1173084106069331,0.01
1333,1333,0.1066127519792411,0.01
1334,1334,0.1180272718636271,0.01
1335,1335,0.113683787987257,0.01
1336,1336,0.0512738803477636,0.01
1337,1337,0.0835435654898564,0.01
1338,1338,0.0797667032749549,0.01
1339,1339,0.1322451416312603,0.01
1340,1340,0.0804161139138056,0.01
1341,1341,0.058558312971923,0.01
1342,1342,0.0644966147774004,0.01
1343,1343,0.0979611252862728,0.01
1344,1344,0.0522086166546586,0.01
1345,1345,0.088824872369709,0.01
1346,1346,0.0880323275662995,0.01
1347,1347,0.0950099067144863,0.01
1348,1348,0.0885780746804313,0.01
1349,1349,0.0568325986502322,0.01
1350,1350,0.140452449567764,0.01
1351,1351,0.0768300936303302,0.01
1352,1352,0.0963075321905427,0.01
1353,1353,0.0815245626623442,0.01
1354,1354,0.1139288903404784,0.01
1355,1355,0.1023953842062792,0.01
1356,1356,0.1156933539595781,0.01
1357,1357,0.1169134166262432,0.01
1358,1358,0.1211545872128653,0.01
1359,1359,0.1071136139382202,0.01
1360,1360,0.0870398290930201,0.01
1361,1361,0.0716658125170553,0.01
1362,1362,0.095884178200361,0.01
1363,1363,0.1003608383237549,0.01
1364,1364,0.0927710287868954,0.01
1365,1365,0.0882601254627988,0.01
1366,1366,0.1326808572920506,0.01
1367,1367,0.1181109927823008,0.01
1368,1368,0.0716213722942471,0.01
1369,1369,0.0655099726515973,0.01
1370,1370,0.0577766931632457,0.01
1371,1371,0.0647449346775715,0.01
1372,1372,0.0967536190779668,0.01
1373,1373,0.102858208109887,0.01
1374,1374,0.0733754760209489,0.01
1375,1375,0.1020925927066865,0.01
1376,1376,0.09230835634589,0.01
1377,1377,0.0695774029793825,0.01
1378,1378,0.0592601493784575,0.01
1379,1379,0.0915843297483466,0.01
1380,1380,0.1009255292374837,0.01
1381,1381,0.0876907202683685,0.01
1382,1382,0.072827943034118,0.01
1383,1383,0.0889202860882107,0.01
1384,1384,0.1564667488398242,0.01
1385,1385,0.0749519950200324,0.01
1386,1386,0.1297406614202861,0.01
1387,1387,0.0631678643982694,0.01
1388,1388,0.0910585919832589,0.01
1389,1389,0.1061104232975704,0.01
1390,1390,0.0946592720936602,0.01
1391,1391,0.0683117822336853,0.01
1392,1392,0.0751909979213857,0.01
1393,1393,0.1281918146513356,0.01
1394,1394,0.06235558291502,0.01
1395,1395,0.0956985548482453,0.01
1396,1396,0.0831795266586521,0.01
1397,1397,0.109551112017552,0.01
1398,1398,0.1200334303297229,0.01
1399,1399,0.0758479766257245,0.01
