,Unnamed: 0,Disagreement,Density
0,0,7.316130424263839e-05,0.1
1,1,8.89369720469048e-05,0.1
2,2,8.174490325432779e-05,0.1
3,3,0.0001331677791799,0.1
4,4,0.0002075683863273,0.1
5,5,0.0001048308197281,0.1
6,6,9.889366143365728e-05,0.1
7,7,0.0002327864738303,0.1
8,8,0.0001050030517578,0.1
9,9,0.000163453674089,0.1
10,10,0.0001327573130909,0.1
11,11,0.0002909327822463,0.1
12,12,0.0001432727608528,0.1
13,13,0.0001507422638231,0.1
14,14,0.0001750185320415,0.1
15,15,0.0001779857593518,0.1
16,16,0.0002647288218474,0.1
17,17,0.000100863719985,0.1
18,18,0.0001296879987749,0.1
19,19,0.0002396732933684,0.1
20,20,8.571569194624396e-05,0.1
21,21,0.0001180464190577,0.1
22,22,0.0001558499653954,0.1
23,23,0.0001251316503653,0.1
24,24,0.0001013721362623,0.1
25,25,0.000146804666373,0.1
26,26,0.0001431618653984,0.1
27,27,0.0001446958742316,0.1
28,28,0.0001540633644933,0.1
29,29,0.0001852151388502,0.1
30,30,0.0001823851976076,0.1
31,31,0.000220636140749,0.1
32,32,0.0002267663837897,0.1
33,33,0.0001372882328852,0.1
34,34,0.0001147273852874,0.1
35,35,7.431246645949085e-05,0.1
36,36,0.0001355402638228,0.1
37,37,6.66562918286828e-05,0.1
38,38,0.0001573491218639,0.1
39,39,0.0001788479831897,0.1
40,40,0.0002002735017741,0.1
41,41,0.000193645971486,0.1
42,42,8.548403889371404e-05,0.1
43,43,0.0001174491244992,0.1
44,44,0.0001211563116309,0.1
45,45,0.000100105549805,0.1
46,46,7.183307156411351e-05,0.1
47,47,0.0002329266692761,0.1
48,48,0.0002013773582258,0.1
49,49,0.0001018463959727,0.1
50,50,8.720132933642336e-05,0.1
51,51,0.0001497969905088,0.1
52,52,0.0001470161526275,0.1
53,53,0.0002600572382933,0.1
54,54,6.839170091964337e-05,0.1
55,55,0.0002200889866751,0.1
56,56,0.0001580377338417,0.1
57,57,0.0002517033167818,0.1
58,58,0.0002463549259567,0.1
59,59,9.119679218138936e-05,0.1
60,60,0.0001418591752274,0.1
61,61,0.0001854082272626,0.1
62,62,9.930124484516409e-05,0.1
63,63,7.96126154357899e-05,0.1
64,64,0.000147423920612,0.1
65,65,0.0002020927438731,0.1
66,66,0.0001395256344286,0.1
67,67,0.0001127944543238,0.1
68,68,0.0002000172461573,0.1
69,69,0.0001120346029757,0.1
70,70,9.690966925680448e-05,0.1
71,71,8.281094599611329e-05,0.1
72,72,8.53533500635069e-05,0.1
73,73,0.000120037530034,0.1
74,74,0.0003569217260638,0.1
75,75,3.8053972829631504e-05,0.1
76,76,0.0001202511124401,0.1
77,77,4.769432684325728e-05,0.1
78,78,0.0002031402232794,0.1
79,79,0.00024666904829,0.1
80,80,0.0001821729243405,0.1
81,81,0.0001375113350987,0.1
82,82,0.0003776993147631,0.1
83,83,0.0002488649311988,0.1
84,84,0.0001688027940553,0.1
85,85,0.0001167191269804,0.1
86,86,0.0001271377236023,0.1
87,87,0.000328238788212,0.1
88,88,0.0001910375938716,0.1
89,89,0.0002381280472836,0.1
90,90,0.0001080664018054,0.1
91,91,0.0001109996995251,0.1
92,92,0.0001147227861008,0.1
93,93,0.0001352976595502,0.1
94,94,7.661358020419158e-05,0.1
95,95,8.708425846149745e-05,0.1
96,96,0.0001016229209273,0.1
97,97,0.0001647136972692,0.1
98,98,0.000123312443488,0.1
99,99,0.0001286601303728,0.1
100,100,8.439147145355243e-05,0.09
101,101,0.0001606470002535,0.09
102,102,0.0001779091133563,0.09
103,103,0.0001245558880845,0.09
104,104,0.000246106323852,0.09
105,105,8.246735181586651e-05,0.09
106,106,0.000130644249784,0.09
107,107,0.0001577169814296,0.09
108,108,0.0004962709035593,0.09
109,109,0.0002333485212844,0.09
110,110,0.0002720395841047,0.09
111,111,0.0002436747330242,0.09
112,112,0.0001061764575221,0.09
113,113,0.0003083372292759,0.09
114,114,0.0001471743275396,0.09
115,115,0.0001283690812154,0.09
116,116,0.0001165068120517,0.09
117,117,0.0001208489221913,0.09
118,118,0.0002694463485977,0.09
119,119,0.0002054544321206,0.09
120,120,0.0003971836815102,0.09
121,121,0.0004022269591442,0.09
122,122,0.0002609262907209,0.09
123,123,0.0001659770552749,0.09
124,124,0.0001623611034664,0.09
125,125,0.0001429058685504,0.09
126,126,0.0004082712613576,0.09
127,127,0.0001762485489457,0.09
128,128,0.0001544014848995,0.09
129,129,0.0001746761170409,0.09
130,130,0.0002502000700367,0.09
131,131,0.0003102259811996,0.09
132,132,0.0001466481606725,0.09
133,133,0.0003528974843041,0.09
134,134,0.0001717781806638,0.09
135,135,0.0001746412163088,0.09
136,136,9.92134931810367e-05,0.09
137,137,0.0002093182025448,0.09
138,138,0.0001269060854758,0.09
139,139,0.0001989229566496,0.09
140,140,0.0001251296426634,0.09
141,141,0.0001316147848612,0.09
142,142,0.0002356284109059,0.09
143,143,0.0001769719247861,0.09
144,144,0.0001866993737582,0.09
145,145,0.0002836837689885,0.09
146,146,0.0001264729031434,0.09
147,147,0.00010673700918,0.09
148,148,0.0001101209944428,0.09
149,149,6.631612158033283e-05,0.09
150,150,0.0002451462859894,0.09
151,151,0.0001424595601903,0.09
152,152,0.0001248954665609,0.09
153,153,0.0002622568571123,0.09
154,154,5.746451662374023e-05,0.09
155,155,0.0002130906695267,0.09
156,156,0.000162524970709,0.09
157,157,0.0002296918600417,0.09
158,158,0.0001132879967337,0.09
159,159,0.0001344747098348,0.09
160,160,0.0002777792681001,0.09
161,161,0.0002004033296933,0.09
162,162,9.799327052565462e-05,0.09
163,163,0.0003063940590302,0.09
164,164,0.0001780280892869,0.09
165,165,0.0001811860946826,0.09
166,166,0.0002458164436172,0.09
167,167,0.0004428633940676,0.09
168,168,0.0001772208744196,0.09
169,169,0.0002034313277999,0.09
170,170,0.0001540497153718,0.09
171,171,0.0001246095500637,0.09
172,172,0.0001784156338096,0.09
173,173,0.0001881346253891,0.09
174,174,0.0001399721670853,0.09
175,175,0.0001793137136483,0.09
176,176,0.0004346309841227,0.09
177,177,0.0001101775032941,0.09
178,178,0.0003453307337691,0.09
179,179,0.0002534580617541,0.09
180,180,0.0002016493451816,0.09
181,181,0.0002409170649528,0.09
182,182,0.0002775296275339,0.09
183,183,0.0002760430274048,0.09
184,184,0.000140724937055,0.09
185,185,0.0001905525601498,0.09
186,186,0.000142722974212,0.09
187,187,0.0002784983764253,0.09
188,188,0.0002316006819324,0.09
189,189,0.0002063384388978,0.09
190,190,0.0002730551468014,0.09
191,191,0.0001561926135244,0.09
192,192,0.000211557717166,0.09
193,193,0.0001280815933713,0.09
194,194,0.0003087254031369,0.09
195,195,0.0001395761454825,0.09
196,196,0.0001890816102189,0.09
197,197,8.976017951092355e-05,0.09
198,198,0.0002605219378359,0.09
199,199,0.0001240458811098,0.09
200,200,0.0001894788289651,0.08
201,201,0.0002586474348012,0.08
202,202,0.0003510571729646,0.08
203,203,9.998239655770794e-05,0.08
204,204,0.0002425453577705,0.08
205,205,0.0001823369593759,0.08
206,206,0.0003932106736422,0.08
207,207,0.0001086866984321,0.08
208,208,0.000319504457368,0.08
209,209,0.0001969150432261,0.08
210,210,0.0002040194553593,0.08
211,211,0.0002718090384729,0.08
212,212,0.0002006161392494,0.08
213,213,0.0002911336219424,0.08
214,214,0.0001362252492059,0.08
215,215,0.000115001854407,0.08
216,216,0.0002029305319746,0.08
217,217,0.0001534434420518,0.08
218,218,0.0002461652267371,0.08
219,219,0.0003078472735695,0.08
220,220,0.0003962327063713,0.08
221,221,0.0001949992308924,0.08
222,222,0.0004232415801572,0.08
223,223,0.000218981766194,0.08
224,224,0.0003611376939504,0.08
225,225,0.0003204871225032,0.08
226,226,0.0003731286212159,0.08
227,227,0.0001449565767292,0.08
228,228,0.0001434209607015,0.08
229,229,0.0001146981863858,0.08
230,230,0.0004395266774292,0.08
231,231,0.0004014182958075,0.08
232,232,0.0002442730061631,0.08
233,233,0.0002690923135038,0.08
234,234,0.0005123239545622,0.08
235,235,0.0003285735143863,0.08
236,236,0.0001497779523637,0.08
237,237,0.0005312685108658,0.08
238,238,0.0004100037207954,0.08
239,239,0.0001858154006933,0.08
240,240,0.0003556949035414,0.08
241,241,0.0002842010627646,0.08
242,242,0.0001324110452166,0.08
243,243,0.0001531407943489,0.08
244,244,0.0002424365418731,0.08
245,245,0.0002710592231114,0.08
246,246,0.0003638869570801,0.08
247,247,0.0003337804444306,0.08
248,248,0.0001389587761084,0.08
249,249,0.0002094775729136,0.08
250,250,0.0003355427871574,0.08
251,251,0.000208027426252,0.08
252,252,0.00039709062562,0.08
253,253,0.0006403475688184,0.08
254,254,0.0005097224555308,0.08
255,255,0.0002179997715244,0.08
256,256,0.0007640578644729,0.08
257,257,0.0003950288687796,0.08
258,258,0.0004698039196224,0.08
259,259,0.0001743865472995,0.08
260,260,0.0002289279444778,0.08
261,261,0.0002525064052972,0.08
262,262,0.0004475377368985,0.08
263,263,0.0002923799246883,0.08
264,264,0.0003979659220567,0.08
265,265,0.0003141625016288,0.08
266,266,0.0001491167443755,0.08
267,267,0.0002450542853968,0.08
268,268,0.0002010033667875,0.08
269,269,0.0002355759102017,0.08
270,270,0.0003155221052363,0.08
271,271,0.0002906558848603,0.08
272,272,0.0002572568151747,0.08
273,273,0.0006511839621907,0.08
274,274,0.0004135912729005,0.08
275,275,0.0003182497383387,0.08
276,276,0.0003502107392205,0.08
277,277,0.0002723546935674,0.08
278,278,0.0002175223425942,0.08
279,279,0.0002030946172726,0.08
280,280,0.0002480993322406,0.08
281,281,0.0002528779552965,0.08
282,282,0.0003762115241121,0.08
283,283,0.0001261141140952,0.08
284,284,0.000536918480615,0.08
285,285,0.0001865968499185,0.08
286,286,0.0004131066202672,0.08
287,287,0.000592148376985,0.08
288,288,0.0001867645382569,0.08
289,289,0.0002369082340803,0.08
290,290,0.0002431413913739,0.08
291,291,0.0002530874939721,0.08
292,292,0.000166738266097,0.08
293,293,0.0001528175002589,0.08
294,294,0.0002333768224919,0.08
295,295,0.0002813239167601,0.08
296,296,8.288909253211982e-05,0.08
297,297,0.0002318183278174,0.08
298,298,0.0006200487845307,0.08
299,299,8.830521669779438e-05,0.08
300,300,0.0004333825784049,0.07
301,301,0.0002361544676699,0.07
302,302,0.0002069284746128,0.07
303,303,0.0004856952221831,0.07
304,304,0.0002837776630253,0.07
305,305,0.0002620893128039,0.07
306,306,0.0002040269050569,0.07
307,307,0.0007007848785427,0.07
308,308,0.000380745609869,0.07
309,309,0.0002325101769289,0.07
310,310,0.0011881268624957,0.07
311,311,0.0001711532105058,0.07
312,312,0.0003378571049797,0.07
313,313,0.0002207709246164,0.07
314,314,0.0003391582862132,0.07
315,315,0.0004154620395736,0.07
316,316,0.000522644590002,0.07
317,317,0.0002278771136855,0.07
318,318,0.0004493119895376,0.07
319,319,0.0004003460467966,0.07
320,320,0.0002689157929687,0.07
321,321,0.0002182782101916,0.07
322,322,0.0003725745145698,0.07
323,323,0.0002852710545065,0.07
324,324,0.0004454524695334,0.07
325,325,0.0003054768468592,0.07
326,326,0.0003823992931892,0.07
327,327,0.0002562080615409,0.07
328,328,0.0006275702914612,0.07
329,329,0.0005837546921702,0.07
330,330,0.000390625546037,0.07
331,331,0.0002765227737429,0.07
332,332,0.0005469497763269,0.07
333,333,0.0001537976065452,0.07
334,334,0.0004340035363414,0.07
335,335,0.0006333441124677,0.07
336,336,0.0001686482383958,0.07
337,337,0.0005069870763914,0.07
338,338,0.0004082853776712,0.07
339,339,0.0008522244635322,0.07
340,340,0.0004507001307946,0.07
341,341,0.0002730415171999,0.07
342,342,0.0004159717443494,0.07
343,343,0.0001231823365401,0.07
344,344,0.0003455116234154,0.07
345,345,0.0002695642600049,0.07
346,346,0.000718028604517,0.07
347,347,0.0002355699224702,0.07
348,348,0.0003178969747112,0.07
349,349,0.0003495218514668,0.07
350,350,0.0005743988699292,0.07
351,351,0.0003141883689475,0.07
352,352,0.0003688706625791,0.07
353,353,0.000329674825833,0.07
354,354,0.0003969195648456,0.07
355,355,0.0006329759474957,0.07
356,356,0.000225830917313,0.07
357,357,0.0004309351171226,0.07
358,358,0.0007835153960798,0.07
359,359,0.0003956257250736,0.07
360,360,0.0004403569451967,0.07
361,361,0.0013227537985458,0.07
362,362,0.000284643233728,0.07
363,363,0.0002955903102536,0.07
364,364,0.0003564680538757,0.07
365,365,0.0003097401235338,0.07
366,366,0.0005012148298287,0.07
367,367,0.000526215819207,0.07
368,368,0.0004720460688452,0.07
369,369,0.0005845172911404,0.07
370,370,0.0005068945509294,0.07
371,371,0.0005943396729032,0.07
372,372,0.0005419026572817,0.07
373,373,0.0005923469609119,0.07
374,374,0.0005893922182372,0.07
375,375,0.000502985907721,0.07
376,376,0.0005365139318157,0.07
377,377,0.0002352024845468,0.07
378,378,0.0003798534676306,0.07
379,379,0.0003831866604074,0.07
380,380,0.0002199493109618,0.07
381,381,0.0003194562989869,0.07
382,382,0.0003350381444837,0.07
383,383,0.000770948670586,0.07
384,384,0.0003176876152537,0.07
385,385,0.0002251017820565,0.07
386,386,0.0002536298207876,0.07
387,387,0.0005198271811803,0.07
388,388,0.0005959337440145,0.07
389,389,0.0002934741359792,0.07
390,390,0.000393535950336,0.07
391,391,0.0003838647761284,0.07
392,392,0.0004644528081804,0.07
393,393,0.0003707724535599,0.07
394,394,0.0003101395514025,0.07
395,395,0.0006822903068371,0.07
396,396,0.0006323178622908,0.07
397,397,0.0007205850026298,0.07
398,398,0.0004734146273254,0.07
399,399,0.0006938316277795,0.07
400,400,0.0004727073800956,0.06
401,401,0.0005440345267068,0.06
402,402,0.0021799708811989,0.06
403,403,0.0004757935345239,0.06
404,404,0.0004297579601525,0.06
405,405,0.0011525846251383,0.06
406,406,0.000415468736782,0.06
407,407,0.0006757063416442,0.06
408,408,0.0010168388437061,0.06
409,409,0.0005876081706835,0.06
410,410,0.0008298867672951,0.06
411,411,0.0007618253003547,0.06
412,412,0.0005772728345587,0.06
413,413,0.0003560731064954,0.06
414,414,0.0003638621918283,0.06
415,415,0.0007185531031491,0.06
416,416,0.0003341708872886,0.06
417,417,0.0005466019623006,0.06
418,418,0.0008154531826326,0.06
419,419,0.0003125549120868,0.06
420,420,0.0003410250251598,0.06
421,421,0.0005936234242735,0.06
422,422,0.0005298713947931,0.06
423,423,0.0007869200277647,0.06
424,424,0.0004545341480302,0.06
425,425,0.0011674093389774,0.06
426,426,0.0010339101031878,0.06
427,427,0.0018543239461092,0.06
428,428,0.0013531233678351,0.06
429,429,0.0005903323623392,0.06
430,430,0.0005968975935421,0.06
431,431,0.0009951724668333,0.06
432,432,0.0006566968661275,0.06
433,433,0.0005607553384488,0.06
434,434,0.0004508324552382,0.06
435,435,0.0006926518217235,0.06
436,436,0.0008433933970716,0.06
437,437,0.0004036350272026,0.06
438,438,0.0007480415464604,0.06
439,439,0.0010789310709381,0.06
440,440,0.0003698133901556,0.06
441,441,0.0008323238317116,0.06
442,442,0.0004345569430946,0.06
443,443,0.0006038315955938,0.06
444,444,0.00081875608523,0.06
445,445,0.0003849223412543,0.06
446,446,0.0012460547755239,0.06
447,447,0.0004979198996471,0.06
448,448,0.000280873987352,0.06
449,449,0.0003264639170544,0.06
450,450,0.0014991061973189,0.06
451,451,0.0005143338620626,0.06
452,452,0.0008534209974532,0.06
453,453,0.0010388183054115,0.06
454,454,0.0008924986487496,0.06
455,455,0.0008208762005581,0.06
456,456,0.0010323802779907,0.06
457,457,0.0004543505650934,0.06
458,458,0.0004746304017923,0.06
459,459,0.0007219727561847,0.06
460,460,0.0011154026013976,0.06
461,461,0.0003811183584567,0.06
462,462,0.0005899979139782,0.06
463,463,0.0011284675992009,0.06
464,464,0.0013911167314566,0.06
465,465,0.0002241765901207,0.06
466,466,0.000503116679924,0.06
467,467,0.0012805546253155,0.06
468,468,0.0009217340590797,0.06
469,469,0.0005764668507468,0.06
470,470,0.0010645637100982,0.06
471,471,0.0009482875908092,0.06
472,472,0.0016609684747292,0.06
473,473,0.0005606742102282,0.06
474,474,0.0003541252758733,0.06
475,475,0.0010307588798877,0.06
476,476,0.0006130090971509,0.06
477,477,0.0002794663273131,0.06
478,478,0.000446720368661,0.06
479,479,0.0004340042373212,0.06
480,480,0.0009210712096478,0.06
481,481,0.0005787492087864,0.06
482,482,0.0002715212618155,0.06
483,483,0.0010034664512367,0.06
484,484,0.000732089044482,0.06
485,485,0.0006723693498927,0.06
486,486,0.0007555780808261,0.06
487,487,0.0008428469242658,0.06
488,488,0.0010385916996305,0.06
489,489,0.0007299700988698,0.06
490,490,0.0003865997030762,0.06
491,491,0.0002389739171366,0.06
492,492,0.0009816044713214,0.06
493,493,0.0006440001541807,0.06
494,494,0.0013115666970889,0.06
495,495,0.000441202693585,0.06
496,496,0.0008040913738087,0.06
497,497,0.0009941367662323,0.06
498,498,0.0003292549849588,0.06
499,499,0.0010529637972401,0.06
500,500,0.0013921777101475,0.05
501,501,0.0007912980834413,0.05
502,502,0.002055855788088,0.05
503,503,0.0020361858347959,0.05
504,504,0.0010027052834601,0.05
505,505,0.0015084034850611,0.05
506,506,0.0018829257047079,0.05
507,507,0.0009522603509431,0.05
508,508,0.001515128995064,0.05
509,509,0.001088091564886,0.05
510,510,0.0011557950197624,0.05
511,511,0.0002994277978405,0.05
512,512,0.0013309735786705,0.05
513,513,0.0015971497666509,0.05
514,514,0.0007092002124978,0.05
515,515,0.0017406494662905,0.05
516,516,0.0016985764476213,0.05
517,517,0.0005055523989617,0.05
518,518,0.0008847444071353,0.05
519,519,0.0011123040881092,0.05
520,520,0.0008048081573592,0.05
521,521,0.0013145240929068,0.05
522,522,0.0004793311937813,0.05
523,523,0.0011316995864828,0.05
524,524,0.0019280153287258,0.05
525,525,0.0017585149304926,0.05
526,526,0.000851598191609,0.05
527,527,0.0011859986746034,0.05
528,528,0.0003651125528008,0.05
529,529,0.0016014126830538,0.05
530,530,0.0010388524147002,0.05
531,531,0.0016534722954485,0.05
532,532,0.0008747286805268,0.05
533,533,0.0013854846119099,0.05
534,534,0.0016813460483305,0.05
535,535,0.0017071460769402,0.05
536,536,0.0006472045191655,0.05
537,537,0.0011729119459275,0.05
538,538,0.0009464905143038,0.05
539,539,0.0006238734871861,0.05
540,540,0.0017638804338265,0.05
541,541,0.0007758563459367,0.05
542,542,0.0009752035016627,0.05
543,543,0.0016183789886064,0.05
544,544,0.0012403489241568,0.05
545,545,0.0007780179604796,0.05
546,546,0.0018152151599137,0.05
547,547,0.0018283953862292,0.05
548,548,0.0005740454822006,0.05
549,549,0.0010667710510789,0.05
550,550,0.0003961236106649,0.05
551,551,0.0011911233176533,0.05
552,552,0.0008766058853686,0.05
553,553,0.000749569187619,0.05
554,554,0.0008797629327172,0.05
555,555,0.0006016189159164,0.05
556,556,0.0013006264607766,0.05
557,557,0.0012568988426693,0.05
558,558,0.0012112328880581,0.05
559,559,0.000851215875405,0.05
560,560,0.0012047676519525,0.05
561,561,0.0007656437992357,0.05
562,562,0.00197799344058,0.05
563,563,0.0005441729938252,0.05
564,564,0.0014285564673919,0.05
565,565,0.0010341199969258,0.05
566,566,0.0005068855256194,0.05
567,567,0.0008346886250728,0.05
568,568,0.0006652881415652,0.05
569,569,0.0004048005406196,0.05
570,570,0.0013430739398527,0.05
571,571,0.001399646461126,0.05
572,572,0.0006940658608975,0.05
573,573,0.0007918190131354,0.05
574,574,0.0004995824459793,0.05
575,575,0.0010765036554829,0.05
576,576,0.0017093729565213,0.05
577,577,0.0024688231830195,0.05
578,578,0.0013353557435129,0.05
579,579,0.0013995623862223,0.05
580,580,0.0016486762947869,0.05
581,581,0.0007393032290328,0.05
582,582,0.0013035950810253,0.05
583,583,0.0018098846509553,0.05
584,584,0.0011404176634089,0.05
585,585,0.0008018173463752,0.05
586,586,0.0015068082019849,0.05
587,587,0.0007913007797174,0.05
588,588,0.004442760319687,0.05
589,589,0.0013053037362096,0.05
590,590,0.001108311042528,0.05
591,591,0.0015642124926288,0.05
592,592,0.0015845970040408,0.05
593,593,0.0008445809612319,0.05
594,594,0.0013848917073149,0.05
595,595,0.0005145349165575,0.05
596,596,0.0005893979635404,0.05
597,597,0.0011256739319898,0.05
598,598,0.0015919415949121,0.05
599,599,0.0011212336878648,0.05
600,600,0.0029135448537688,0.045
601,601,0.0014190489977916,0.045
602,602,0.0011935529416363,0.045
603,603,0.0020772247559248,0.045
604,604,0.0007903851490859,0.045
605,605,0.0007071392648974,0.045
606,606,0.0023613020699009,0.045
607,607,0.0021891802338938,0.045
608,608,0.0011047167352156,0.045
609,609,0.0029140359113477,0.045
610,610,0.0013296628026641,0.045
611,611,0.0007141658866585,0.045
612,612,0.0033996823161145,0.045
613,613,0.0020085805876292,0.045
614,614,0.0022495445644798,0.045
615,615,0.0012025091241008,0.045
616,616,0.0031245857181312,0.045
617,617,0.0018807752068417,0.045
618,618,0.0021894898759687,0.045
619,619,0.0010117773243471,0.045
620,620,0.0016151446786479,0.045
621,621,0.0007502779526958,0.045
622,622,0.0009218182215115,0.045
623,623,0.0026631679064162,0.045
624,624,0.0017475597355891,0.045
625,625,0.001264420467837,0.045
626,626,0.0017697089316026,0.045
627,627,0.0008093622980498,0.045
628,628,0.0023529894295821,0.045
629,629,0.0027841869690464,0.045
630,630,0.0013460745172455,0.045
631,631,0.0016941743262689,0.045
632,632,0.0036282404522429,0.045
633,633,0.0021727191952945,0.045
634,634,0.0015244653090337,0.045
635,635,0.0014614094259523,0.045
636,636,0.0028644191310245,0.045
637,637,0.0019020175880551,0.045
638,638,0.0014378022076142,0.045
639,639,0.0014148450901841,0.045
640,640,0.0031700044689242,0.045
641,641,0.0026102605442928,0.045
642,642,0.001416969200672,0.045
643,643,0.0013393778202996,0.045
644,644,0.003351202838455,0.045
645,645,0.0022094370430353,0.045
646,646,0.0013367180608282,0.045
647,647,0.0029904584084135,0.045
648,648,0.0011923513650277,0.045
649,649,0.0021454665436908,0.045
650,650,0.0014911231004265,0.045
651,651,0.0019198505428903,0.045
652,652,0.0011669051884256,0.045
653,653,0.0008090824806215,0.045
654,654,0.0022437363158802,0.045
655,655,0.0015190210002177,0.045
656,656,0.0012110803099038,0.045
657,657,0.001522894249593,0.045
658,658,0.0012999113542498,0.045
659,659,0.0010978654029963,0.045
660,660,0.0014663933562131,0.045
661,661,0.0007782696387995,0.045
662,662,0.0010824247926373,0.045
663,663,0.000931391693285,0.045
664,664,0.0008521744306974,0.045
665,665,0.0012674507781022,0.045
666,666,0.0032722392966192,0.045
667,667,0.0022088369509087,0.045
668,668,0.0007395203839917,0.045
669,669,0.0019433861616433,0.045
670,670,0.0023485375556144,0.045
671,671,0.0030571431527796,0.045
672,672,0.0012813159423353,0.045
673,673,0.0011040803234445,0.045
674,674,0.0011707969913438,0.045
675,675,0.0008029172368613,0.045
676,676,0.0025765341980081,0.045
677,677,0.0024253313381227,0.045
678,678,0.0022571982884614,0.045
679,679,0.0009739712713795,0.045
680,680,0.0014636032821774,0.045
681,681,0.0011056946217578,0.045
682,682,0.0013151143732681,0.045
683,683,0.0008319136505584,0.045
684,684,0.0015835757858312,0.045
685,685,0.0021300996876472,0.045
686,686,0.0007782573256327,0.045
687,687,0.0011737946415402,0.045
688,688,0.0006810236562117,0.045
689,689,0.0023010564539016,0.045
690,690,0.0017543876923651,0.045
691,691,0.0014874824842893,0.045
692,692,0.0024917395544049,0.045
693,693,0.0013338315257025,0.045
694,694,0.0014630652230684,0.045
695,695,0.0012354718747701,0.045
696,696,0.0019567737631407,0.045
697,697,0.0010335354902883,0.045
698,698,0.0015295245189021,0.045
699,699,0.0013566032604065,0.045
700,700,0.0027075419889992,0.04
701,701,0.0015987701261559,0.04
702,702,0.0033776942131693,0.04
703,703,0.001285345373167,0.04
704,704,0.002123733235883,0.04
705,705,0.0024026346083636,0.04
706,706,0.0017360684807001,0.04
707,707,0.0014492496373632,0.04
708,708,0.0019095461614612,0.04
709,709,0.0020591509080881,0.04
710,710,0.0013668692688576,0.04
711,711,0.0025866249223389,0.04
712,712,0.0023836157013499,0.04
713,713,0.0012459360148399,0.04
714,714,0.002200601015014,0.04
715,715,0.0034341509668017,0.04
716,716,0.0016467437497094,0.04
717,717,0.0016768317487375,0.04
718,718,0.0032334140497587,0.04
719,719,0.001223580611838,0.04
720,720,0.0015451449172408,0.04
721,721,0.001285938159753,0.04
722,722,0.0012486758903001,0.04
723,723,0.0022363281804218,0.04
724,724,0.002378806582721,0.04
725,725,0.0023561778990903,0.04
726,726,0.0041317622315143,0.04
727,727,0.0036793089577609,0.04
728,728,0.0032987355432094,0.04
729,729,0.0022795148564441,0.04
730,730,0.0025653344616371,0.04
731,731,0.0011997662194502,0.04
732,732,0.001654999944725,0.04
733,733,0.001868184691733,0.04
734,734,0.0033850138055534,0.04
735,735,0.0020832621672234,0.04
736,736,0.0014047537766683,0.04
737,737,0.0017837994106947,0.04
738,738,0.0016704701356015,0.04
739,739,0.001861443122294,0.04
740,740,0.0016363152377248,0.04
741,741,0.0038210559214804,0.04
742,742,0.0013566574374938,0.04
743,743,0.0015283483041884,0.04
744,744,0.0022055389831793,0.04
745,745,0.0016856304581313,0.04
746,746,0.0041647607227628,0.04
747,747,0.002362146446738,0.04
748,748,0.0018745199159691,0.04
749,749,0.0016217624246463,0.04
750,750,0.000922319367811,0.04
751,751,0.0017395237712986,0.04
752,752,0.0031758025950271,0.04
753,753,0.0039083811420964,0.04
754,754,0.0025469860974985,0.04
755,755,0.0034257993464367,0.04
756,756,0.0015442339972188,0.04
757,757,0.0012209045853726,0.04
758,758,0.0044949289564701,0.04
759,759,0.0025848893919933,0.04
760,760,0.0027316856550973,0.04
761,761,0.003006651209702,0.04
762,762,0.0018947560490045,0.04
763,763,0.0032581206797983,0.04
764,764,0.0014254101558387,0.04
765,765,0.0013657352897962,0.04
766,766,0.0031243724622206,0.04
767,767,0.0026745033815633,0.04
768,768,0.0016426031976002,0.04
769,769,0.0020948031911417,0.04
770,770,0.0010510401745097,0.04
771,771,0.0023176061256996,0.04
772,772,0.004158576831328,0.04
773,773,0.0021820932409035,0.04
774,774,0.0032785602316719,0.04
775,775,0.003112884974542,0.04
776,776,0.0025577374263437,0.04
777,777,0.0008134163723408,0.04
778,778,0.0024481091673032,0.04
779,779,0.0008425788149988,0.04
780,780,0.0009651477392024,0.04
781,781,0.0016132928908258,0.04
782,782,0.0035709037340935,0.04
783,783,0.0016402443948377,0.04
784,784,0.0021522389248159,0.04
785,785,0.0020808772331426,0.04
786,786,0.0014465791775308,0.04
787,787,0.0007212064838932,0.04
788,788,0.0020567516403766,0.04
789,789,0.0015391935952577,0.04
790,790,0.0026452625368442,0.04
791,791,0.0013036805572366,0.04
792,792,0.0015004475042881,0.04
793,793,0.0037601469303209,0.04
794,794,0.0014071645258528,0.04
795,795,0.0007486922352576,0.04
796,796,0.0043026229946849,0.04
797,797,0.0033196864112714,0.04
798,798,0.0013497751073048,0.04
799,799,0.0022135320271573,0.04
800,800,0.0036484725214292,0.035
801,801,0.002565498530229,0.035
802,802,0.0028041599676101,0.035
803,803,0.0019790241229673,0.035
804,804,0.0029119442876054,0.035
805,805,0.0009658556154968,0.035
806,806,0.0046565342988629,0.035
807,807,0.002744949899857,0.035
808,808,0.0015178745539451,0.035
809,809,0.0037203434247893,0.035
810,810,0.0014171333400029,0.035
811,811,0.0024132468342405,0.035
812,812,0.0028969861486049,0.035
813,813,0.0035902321526434,0.035
814,814,0.0018718153784564,0.035
815,815,0.0013134836212363,0.035
816,816,0.0029718449672959,0.035
817,817,0.0037905180744307,0.035
818,818,0.0041609770484781,0.035
819,819,0.0044626510317518,0.035
820,820,0.0030804812325483,0.035
821,821,0.0027287533253858,0.035
822,822,0.0035217834569617,0.035
823,823,0.0043201982752282,0.035
824,824,0.0043014995477803,0.035
825,825,0.0014328409781064,0.035
826,826,0.0010930071348419,0.035
827,827,0.0027813892197367,0.035
828,828,0.002210456967272,0.035
829,829,0.0029568106199808,0.035
830,830,0.0027156594548988,0.035
831,831,0.0026624307495744,0.035
832,832,0.0023994348480518,0.035
833,833,0.0041126448543628,0.035
834,834,0.0035043735249209,0.035
835,835,0.0032421314637069,0.035
836,836,0.0029672034393285,0.035
837,837,0.00325379307352,0.035
838,838,0.0016282430402621,0.035
839,839,0.001855303345528,0.035
840,840,0.002488073436589,0.035
841,841,0.0034261488629044,0.035
842,842,0.0024280180310952,0.035
843,843,0.001375435965449,0.035
844,844,0.0032506375813574,0.035
845,845,0.0022509647343406,0.035
846,846,0.0025276462550768,0.035
847,847,0.0039607231011977,0.035
848,848,0.0040836833256983,0.035
849,849,0.0038978034734937,0.035
850,850,0.0024065306696802,0.035
851,851,0.0020427159372752,0.035
852,852,0.0037882213753621,0.035
853,853,0.0019606478794225,0.035
854,854,0.0047713150127044,0.035
855,855,0.0031446349782358,0.035
856,856,0.0029826632575179,0.035
857,857,0.0009571337276869,0.035
858,858,0.003184123245588,0.035
859,859,0.0028108706886266,0.035
860,860,0.0021147323641895,0.035
861,861,0.0014520910929824,0.035
862,862,0.0027720324489922,0.035
863,863,0.0033860025107553,0.035
864,864,0.003574849290362,0.035
865,865,0.0024782123459263,0.035
866,866,0.0029092092894487,0.035
867,867,0.0024317375636225,0.035
868,868,0.0035528090088307,0.035
869,869,0.0032838653862468,0.035
870,870,0.0027109367698571,0.035
871,871,0.0024769059189228,0.035
872,872,0.0013930588005418,0.035
873,873,0.0029565256619571,0.035
874,874,0.0026466439180074,0.035
875,875,0.0017013866993508,0.035
876,876,0.0024311827879866,0.035
877,877,0.0043829095684684,0.035
878,878,0.0019990059071153,0.035
879,879,0.0032668238780065,0.035
880,880,0.0036591615410681,0.035
881,881,0.0049086593988813,0.035
882,882,0.0013451447701642,0.035
883,883,0.0020462975706032,0.035
884,884,0.0026349584645173,0.035
885,885,0.0013156618199915,0.035
886,886,0.0027291114300733,0.035
887,887,0.0044337877516616,0.035
888,888,0.0022665387713723,0.035
889,889,0.0013852506934655,0.035
890,890,0.0030326664651993,0.035
891,891,0.0017640438738397,0.035
892,892,0.0031440731738163,0.035
893,893,0.0027802232898722,0.035
894,894,0.0034333028877936,0.035
895,895,0.0035415428257523,0.035
896,896,0.00357659063254,0.035
897,897,0.0022565901986513,0.035
898,898,0.0012077087621004,0.035
899,899,0.0035192256923002,0.035
900,900,0.002606083365087,0.03
901,901,0.0035971222399045,0.03
902,902,0.0028317850362499,0.03
903,903,0.003065460290316,0.03
904,904,0.0046052777632175,0.03
905,905,0.0036976872296508,0.03
906,906,0.0046088815265425,0.03
907,907,0.0030352951204602,0.03
908,908,0.0035177434917202,0.03
909,909,0.0031109325055538,0.03
910,910,0.0038069432714259,0.03
911,911,0.0011705732700935,0.03
912,912,0.0047000478346727,0.03
913,913,0.0046706399441888,0.03
914,914,0.0034557974821766,0.03
915,915,0.004372769327979,0.03
916,916,0.0021585013360348,0.03
917,917,0.0031650894652274,0.03
918,918,0.0028180229297809,0.03
919,919,0.0056826128164588,0.03
920,920,0.0019308131722575,0.03
921,921,0.0030787750446773,0.03
922,922,0.0036342673185709,0.03
923,923,0.0036184142826392,0.03
924,924,0.0034054638181041,0.03
925,925,0.0038130147262942,0.03
926,926,0.0029401809162395,0.03
927,927,0.0017384605411013,0.03
928,928,0.0036807957850912,0.03
929,929,0.0056639792668304,0.03
930,930,0.004732245772618,0.03
931,931,0.002836934818105,0.03
932,932,0.0051344100695864,0.03
933,933,0.0048184081133795,0.03
934,934,0.0034050469879222,0.03
935,935,0.0051560912551997,0.03
936,936,0.0021707815980576,0.03
937,937,0.0037591362957962,0.03
938,938,0.0047531239033468,0.03
939,939,0.0043370479259578,0.03
940,940,0.0018968400644851,0.03
941,941,0.003161033115415,0.03
942,942,0.0020789615315048,0.03
943,943,0.0045654878677799,0.03
944,944,0.0032719517073397,0.03
945,945,0.0063480515450453,0.03
946,946,0.0032180645225502,0.03
947,947,0.0025594541891794,0.03
948,948,0.0029254028108123,0.03
949,949,0.0027019631908123,0.03
950,950,0.0052288060577854,0.03
951,951,0.002199612057338,0.03
952,952,0.0028907326251706,0.03
953,953,0.0025994843125666,0.03
954,954,0.0024491177221274,0.03
955,955,0.0018963151174568,0.03
956,956,0.004433262551858,0.03
957,957,0.0037148087857018,0.03
958,958,0.0034048601369884,0.03
959,959,0.0049575919350831,0.03
960,960,0.0029630084829221,0.03
961,961,0.0030752124928012,0.03
962,962,0.0033220311177156,0.03
963,963,0.0040647532845636,0.03
964,964,0.0025404757703024,0.03
965,965,0.0052933821554163,0.03
966,966,0.0024818487308391,0.03
967,967,0.0036059229573183,0.03
968,968,0.0030471268945098,0.03
969,969,0.0033523923207209,0.03
970,970,0.0028668065376711,0.03
971,971,0.0022941962670957,0.03
972,972,0.0038238133444656,0.03
973,973,0.003657275427508,0.03
974,974,0.0023170755892188,0.03
975,975,0.0024142680390848,0.03
976,976,0.0046798849507885,0.03
977,977,0.0026603256126913,0.03
978,978,0.0029753984862743,0.03
979,979,0.0028855882456274,0.03
980,980,0.0033259977119517,0.03
981,981,0.0025607808659815,0.03
982,982,0.0017501296430489,0.03
983,983,0.002681093261393,0.03
984,984,0.0044984318078553,0.03
985,985,0.006584083723838,0.03
986,986,0.0031738907127582,0.03
987,987,0.0060249096682998,0.03
988,988,0.0049807417581967,0.03
989,989,0.0045403268873012,0.03
990,990,0.0024395430088537,0.03
991,991,0.0035864142869022,0.03
992,992,0.0019780696460661,0.03
993,993,0.0052667512961219,0.03
994,994,0.0030623722680297,0.03
995,995,0.0045370331642288,0.03
996,996,0.004237036192655,0.03
997,997,0.0028274595231713,0.03
998,998,0.0032807753750989,0.03
999,999,0.0036659309772807,0.03
1000,1000,0.0047199481073966,0.025
1001,1001,0.0049765134585466,0.025
1002,1002,0.0052459943084074,0.025
1003,1003,0.0044423045098225,0.025
1004,1004,0.0036139158754668,0.025
1005,1005,0.0038357494247247,0.025
1006,1006,0.0037944850521835,0.025
1007,1007,0.0037129046069868,0.025
1008,1008,0.0018659171904123,0.025
1009,1009,0.0038945553423538,0.025
1010,1010,0.0043398053862164,0.025
1011,1011,0.0035247755467924,0.025
1012,1012,0.002198385421157,0.025
1013,1013,0.003669012284255,0.025
1014,1014,0.004104524998323,0.025
1015,1015,0.0032139652319737,0.025
1016,1016,0.0025454410553121,0.025
1017,1017,0.0046471995192941,0.025
1018,1018,0.006074056767562,0.025
1019,1019,0.0053639212124598,0.025
1020,1020,0.0035276561991642,0.025
1021,1021,0.0016620873413976,0.025
1022,1022,0.0047287838036016,0.025
1023,1023,0.0033771281155314,0.025
1024,1024,0.0043022206754626,0.025
1025,1025,0.0049620791561587,0.025
1026,1026,0.0021007864507631,0.025
1027,1027,0.0035097447456196,0.025
1028,1028,0.0031921382738864,0.025
1029,1029,0.0039918158420743,0.025
1030,1030,0.0047049098063767,0.025
1031,1031,0.0044644480327579,0.025
1032,1032,0.003433715640756,0.025
1033,1033,0.0047912521294156,0.025
1034,1034,0.0029097887952999,0.025
1035,1035,0.0037772251624868,0.025
1036,1036,0.0068189747421772,0.025
1037,1037,0.0035410430769525,0.025
1038,1038,0.0040231846961764,0.025
1039,1039,0.0057797254892221,0.025
1040,1040,0.0063201950421171,0.025
1041,1041,0.0040272438460519,0.025
1042,1042,0.0039900309057911,0.025
1043,1043,0.004285764276612,0.025
1044,1044,0.0045691870184302,0.025
1045,1045,0.0035184236493997,0.025
1046,1046,0.005289793537224,0.025
1047,1047,0.0042941958058358,0.025
1048,1048,0.0045920765665558,0.025
1049,1049,0.0056202710347784,0.025
1050,1050,0.0036297889972525,0.025
1051,1051,0.0033507483566588,0.025
1052,1052,0.0052102428886873,0.025
1053,1053,0.0048961905569939,0.025
1054,1054,0.0035362912693569,0.025
1055,1055,0.0035940347183742,0.025
1056,1056,0.0038943135674122,0.025
1057,1057,0.0037767886111335,0.025
1058,1058,0.0033816102023953,0.025
1059,1059,0.0027359704122496,0.025
1060,1060,0.0033189589916631,0.025
1061,1061,0.0039477646929845,0.025
1062,1062,0.0030151796446294,0.025
1063,1063,0.0022679559487185,0.025
1064,1064,0.0022674388732925,0.025
1065,1065,0.0040966296974149,0.025
1066,1066,0.0046460749910129,0.025
1067,1067,0.0047791285340083,0.025
1068,1068,0.0050297135335657,0.025
1069,1069,0.0021639745883333,0.025
1070,1070,0.0047795857508535,0.025
1071,1071,0.0039217805630627,0.025
1072,1072,0.0052607782106137,0.025
1073,1073,0.00235702391402,0.025
1074,1074,0.0045875933838486,0.025
1075,1075,0.0034628151805023,0.025
1076,1076,0.003635617246118,0.025
1077,1077,0.0032128266043923,0.025
1078,1078,0.0038811380645451,0.025
1079,1079,0.0039561523724451,0.025
1080,1080,0.0049202503504891,0.025
1081,1081,0.0034378925116157,0.025
1082,1082,0.0043400597727461,0.025
1083,1083,0.0062487749788531,0.025
1084,1084,0.0035879763314335,0.025
1085,1085,0.0033924056730556,0.025
1086,1086,0.0031605695452202,0.025
1087,1087,0.0033055353436954,0.025
1088,1088,0.0037653783337465,0.025
1089,1089,0.0030537905965676,0.025
1090,1090,0.0053088899168159,0.025
1091,1091,0.0040882407420106,0.025
1092,1092,0.0044786573687746,0.025
1093,1093,0.0046807099742459,0.025
1094,1094,0.0023502292924589,0.025
1095,1095,0.0040080073022956,0.025
1096,1096,0.0054093323746437,0.025
1097,1097,0.003844950867637,0.025
1098,1098,0.0040462142768242,0.025
1099,1099,0.0030400135288089,0.025
1100,1100,0.0044066221277029,0.02
1101,1101,0.0052753525454472,0.02
1102,1102,0.0048789143773869,0.02
1103,1103,0.0031214325974697,0.02
1104,1104,0.00431836737082,0.02
1105,1105,0.0038323064674741,0.02
1106,1106,0.0039004844353451,0.02
1107,1107,0.0034214226331702,0.02
1108,1108,0.0057674902476212,0.02
1109,1109,0.0038860118392878,0.02
1110,1110,0.0046245289733439,0.02
1111,1111,0.0043733024667088,0.02
1112,1112,0.007543739294057,0.02
1113,1113,0.0039743240691189,0.02
1114,1114,0.004200254756198,0.02
1115,1115,0.0031894388497694,0.02
1116,1116,0.0045468326136599,0.02
1117,1117,0.0044352555301015,0.02
1118,1118,0.0025651872484173,0.02
1119,1119,0.0059011712485623,0.02
1120,1120,0.0038700181497365,0.02
1121,1121,0.0045550449357762,0.02
1122,1122,0.0033699348970535,0.02
1123,1123,0.0047474530541468,0.02
1124,1124,0.0023824439854238,0.02
1125,1125,0.0042646661951056,0.02
1126,1126,0.0046143775080513,0.02
1127,1127,0.004004681576463,0.02
1128,1128,0.0037613954648681,0.02
1129,1129,0.0052573231377973,0.02
1130,1130,0.0046169740317355,0.02
1131,1131,0.0041352570475138,0.02
1132,1132,0.0043370276027158,0.02
1133,1133,0.004827849476224,0.02
1134,1134,0.0036673057577269,0.02
1135,1135,0.0028240667523861,0.02
1136,1136,0.00559071295911,0.02
1137,1137,0.004185173331477,0.02
1138,1138,0.0037013771845156,0.02
1139,1139,0.0047047449096678,0.02
1140,1140,0.0065956693235094,0.02
1141,1141,0.0045934235924329,0.02
1142,1142,0.0033692189358614,0.02
1143,1143,0.0032094896253511,0.02
1144,1144,0.0039651875855139,0.02
1145,1145,0.00543706560685,0.02
1146,1146,0.005007331487634,0.02
1147,1147,0.0041541341117553,0.02
1148,1148,0.0057009816966703,0.02
1149,1149,0.0056432704186083,0.02
1150,1150,0.0043564131161254,0.02
1151,1151,0.0047538746549678,0.02
1152,1152,0.0048782121903363,0.02
1153,1153,0.0036661341735178,0.02
1154,1154,0.0048928179709385,0.02
1155,1155,0.0034933868705604,0.02
1156,1156,0.0045356012114695,0.02
1157,1157,0.0060271281429802,0.02
1158,1158,0.0053079193921865,0.02
1159,1159,0.003314721128611,0.02
1160,1160,0.0049415036727383,0.02
1161,1161,0.0043798284670966,0.02
1162,1162,0.003563514216063,0.02
1163,1163,0.003241651233811,0.02
1164,1164,0.0038703774044487,0.02
1165,1165,0.0015200623592498,0.02
1166,1166,0.0045091152778718,0.02
1167,1167,0.0057515675913007,0.02
1168,1168,0.0041700339457621,0.02
1169,1169,0.0053010883538855,0.02
1170,1170,0.0033501344322888,0.02
1171,1171,0.0024687825070558,0.02
1172,1172,0.0027876490229024,0.02
1173,1173,0.0044993186950255,0.02
1174,1174,0.0052038347115321,0.02
1175,1175,0.0020831087216693,0.02
1176,1176,0.0041351143447437,0.02
1177,1177,0.0049184600240747,0.02
1178,1178,0.0034257301050951,0.02
1179,1179,0.0037466278269821,0.02
1180,1180,0.0052818171786747,0.02
1181,1181,0.0040170441055077,0.02
1182,1182,0.0036204058691775,0.02
1183,1183,0.0056268762982139,0.02
1184,1184,0.004652879436394,0.02
1185,1185,0.0060860010048422,0.02
1186,1186,0.0052649111625374,0.02
1187,1187,0.0038006992179376,0.02
1188,1188,0.0029218514097628,0.02
1189,1189,0.0034415190421728,0.02
1190,1190,0.0033036029742826,0.02
1191,1191,0.0030823657991311,0.02
1192,1192,0.005032844830783,0.02
1193,1193,0.0050497501581425,0.02
1194,1194,0.004917791747243,0.02
1195,1195,0.0051296367197905,0.02
1196,1196,0.0020299934506322,0.02
1197,1197,0.0034116590375444,0.02
1198,1198,0.0052304245550935,0.02
1199,1199,0.0038908111922621,0.02
1200,1200,0.0052209974520086,0.015
1201,1201,0.0037768396586758,0.015
1202,1202,0.0042857970943699,0.015
1203,1203,0.0042355904559938,0.015
1204,1204,0.0015325718250273,0.015
1205,1205,0.0035023561446047,0.015
1206,1206,0.0020569199672651,0.015
1207,1207,0.0030583706999037,0.015
1208,1208,0.005878897137272,0.015
1209,1209,0.0037078367860386,0.015
1210,1210,0.00289494158872,0.015
1211,1211,0.0031479828158998,0.015
1212,1212,0.0062187529290122,0.015
1213,1213,0.0038817264495209,0.015
1214,1214,0.002477458694445,0.015
1215,1215,0.0033272678826069,0.015
1216,1216,0.0034448246555769,0.015
1217,1217,0.0050039254762036,0.015
1218,1218,0.0027015262834465,0.015
1219,1219,0.0031932848611815,0.015
1220,1220,0.0028398249823923,0.015
1221,1221,0.0025146866327124,0.015
1222,1222,0.0034062619443091,0.015
1223,1223,0.0022966043931522,0.015
1224,1224,0.0032973132451101,0.015
1225,1225,0.0036575643194208,0.015
1226,1226,0.0021157366699052,0.015
1227,1227,0.0016729807009992,0.015
1228,1228,0.0039257141826552,0.015
1229,1229,0.0058385470486898,0.015
1230,1230,0.0056444410519898,0.015
1231,1231,0.0042438028955834,0.015
1232,1232,0.0043833093278905,0.015
1233,1233,0.0015933383149826,0.015
1234,1234,0.004758858558846,0.015
1235,1235,0.0020886641291987,0.015
1236,1236,0.004275665223095,0.015
1237,1237,0.0032729337604075,0.015
1238,1238,0.0050372080092417,0.015
1239,1239,0.0050012863470774,0.015
1240,1240,0.0041592873230736,0.015
1241,1241,0.0023509397944505,0.015
1242,1242,0.0044667652792488,0.015
1243,1243,0.0041711556002977,0.015
1244,1244,0.0037989210647565,0.015
1245,1245,0.0044893528278751,0.015
1246,1246,0.0039403937022907,0.015
1247,1247,0.0021543073144712,0.015
1248,1248,0.0026657261519898,0.015
1249,1249,0.0027825817086425,0.015
1250,1250,0.0016261774816451,0.015
1251,1251,0.0029582263139532,0.015
1252,1252,0.0032219732006948,0.015
1253,1253,0.0037955005052207,0.015
1254,1254,0.0047798400512473,0.015
1255,1255,0.004059687829723,0.015
1256,1256,0.0025811971567702,0.015
1257,1257,0.0034944466976896,0.015
1258,1258,0.001402263448158,0.015
1259,1259,0.0024938028722022,0.015
1260,1260,0.0016709629156916,0.015
1261,1261,0.0038602083521784,0.015
1262,1262,0.0044522822050212,0.015
1263,1263,0.0040625752001248,0.015
1264,1264,0.0032155906035352,0.015
1265,1265,0.0053557721285787,0.015
1266,1266,0.0046825068149165,0.015
1267,1267,0.0032574484641661,0.015
1268,1268,0.0039396002746696,0.015
1269,1269,0.0035867257830186,0.015
1270,1270,0.0046390436007064,0.015
1271,1271,0.002970007285002,0.015
1272,1272,0.0023914216889704,0.015
1273,1273,0.003568626568662,0.015
1274,1274,0.0016962130529552,0.015
1275,1275,0.0033931804740866,0.015
1276,1276,0.0040996316616625,0.015
1277,1277,0.0017540215089867,0.015
1278,1278,0.0022498863886682,0.015
1279,1279,0.0041550993467262,0.015
1280,1280,0.0047676680266605,0.015
1281,1281,0.0026065452431541,0.015
1282,1282,0.0029191846828041,0.015
1283,1283,0.0039914054992392,0.015
1284,1284,0.0026728791856141,0.015
1285,1285,0.0019259515740317,0.015
1286,1286,0.0026696228635241,0.015
1287,1287,0.0036633869864641,0.015
1288,1288,0.0028410129700299,0.015
1289,1289,0.0035582794450143,0.015
1290,1290,0.0042871773403382,0.015
1291,1291,0.0031519599493132,0.015
1292,1292,0.0012694443116639,0.015
1293,1293,0.0030697487860393,0.015
1294,1294,0.0043198724866499,0.015
1295,1295,0.0048967326139883,0.015
1296,1296,0.0054211461610423,0.015
1297,1297,0.0044872223684545,0.015
1298,1298,0.0031351634890156,0.015
1299,1299,0.0024408325835398,0.015
1300,1300,0.0015924576582038,0.01
1301,1301,0.0016074843107864,0.01
1302,1302,0.0028801320431472,0.01
1303,1303,0.0018601328497164,0.01
1304,1304,0.0016699008647208,0.01
1305,1305,0.0013611045362042,0.01
1306,1306,0.0017028259865386,0.01
1307,1307,0.0018317901639873,0.01
1308,1308,0.0005176299681268,0.01
1309,1309,0.0023658733689784,0.01
1310,1310,0.0031941174461569,0.01
1311,1311,0.002343710152589,0.01
1312,1312,0.0009603324048073,0.01
1313,1313,0.0026467279934232,0.01
1314,1314,0.002326149829343,0.01
1315,1315,0.0017373924404905,0.01
1316,1316,0.0005138195773262,0.01
1317,1317,0.0010492861914864,0.01
1318,1318,0.0027072785810612,0.01
1319,1319,0.0011091535712226,0.01
1320,1320,0.0033362089209392,0.01
1321,1321,0.0017780308449564,0.01
1322,1322,0.0012964480425065,0.01
1323,1323,0.0029043449190372,0.01
1324,1324,0.0026945328528118,0.01
1325,1325,0.0026653502857039,0.01
1326,1326,0.0017661683261119,0.01
1327,1327,0.0010204146596835,0.01
1328,1328,0.0025382726219384,0.01
1329,1329,0.0040151832318455,0.01
1330,1330,0.0028890674237031,0.01
1331,1331,0.0014733371702726,0.01
1332,1332,0.0019505818599658,0.01
1333,1333,0.0021979218928329,0.01
1334,1334,0.0013557843548933,0.01
1335,1335,0.0025984809152191,0.01
1336,1336,0.0018338877379231,0.01
1337,1337,0.0022287952368817,0.01
1338,1338,0.001898356573592,0.01
1339,1339,0.0031973811504585,0.01
1340,1340,0.0006647881614031,0.01
1341,1341,0.0041559970571546,0.01
1342,1342,0.0012993025926928,0.01
1343,1343,0.0009658763491676,0.01
1344,1344,0.0013861716045903,0.01
1345,1345,0.0029511192356735,0.01
1346,1346,0.0013147147036983,0.01
1347,1347,0.0007063139669691,0.01
1348,1348,0.0004540330216991,0.01
1349,1349,0.0008412115639538,0.01
1350,1350,0.0011077683945931,0.01
1351,1351,0.0010091179990307,0.01
1352,1352,0.0020643057893062,0.01
1353,1353,0.0019568058926154,0.01
1354,1354,0.0029348628730961,0.01
1355,1355,0.00249902879417,0.01
1356,1356,0.0010506651405788,0.01
1357,1357,0.0022654381633693,0.01
1358,1358,0.000566263255045,0.01
1359,1359,0.0005368418799727,0.01
1360,1360,0.0018760632443653,0.01
1361,1361,0.0033871349640186,0.01
1362,1362,0.0026727896733297,0.01
1363,1363,0.0027368811905351,0.01
1364,1364,0.0015037256591841,0.01
1365,1365,0.0014182461233786,0.01
1366,1366,0.002072421186575,0.01
1367,1367,0.0031050323516348,0.01
1368,1368,0.0014986826129302,0.01
1369,1369,0.0017627588095358,0.01
1370,1370,0.0004097111160217,0.01
1371,1371,0.0014770125475609,0.01
1372,1372,0.0009687972094748,0.01
1373,1373,0.0007850141907216,0.01
1374,1374,0.0019055874274996,0.01
1375,1375,0.0006177921335175,0.01
1376,1376,0.0021580067644763,0.01
1377,1377,0.0007215581528924,0.01
1378,1378,0.00094467198002,0.01
1379,1379,0.0010662332323705,0.01
1380,1380,0.0007168213222567,0.01
1381,1381,0.0038453127876762,0.01
1382,1382,0.0031238088490248,0.01
1383,1383,0.0014140377955691,0.01
1384,1384,0.0021311024147352,0.01
1385,1385,0.003033688329759,0.01
1386,1386,0.0010811339678863,0.01
1387,1387,0.0026279598461998,0.01
1388,1388,0.0009386803256941,0.01
1389,1389,0.0019083294375715,0.01
1390,1390,0.0009599325795048,0.01
1391,1391,0.0013783540221366,0.01
1392,1392,0.0017695423099881,0.01
1393,1393,0.0018923573307763,0.01
1394,1394,0.0023118008419758,0.01
1395,1395,0.0022002285523153,0.01
1396,1396,0.0025322109436147,0.01
1397,1397,0.0009336698413991,0.01
1398,1398,0.0027884355870691,0.01
1399,1399,0.0011827417625968,0.01
